SAI-ASSET17040004,61,50,33,38,31,0,10,0,0,22,0,0,0,71,0,0,0,
SAI-ASSET17050001,0,0,0,0,0,0,0,0,0,0,0,0,0,0,0,0,0,NULL
SAI-ASSET17050002,0,0,0,0,0,0,0,0,0,0,0,0,0,0,0,0,0,NULL
SAI-ASSET17050003,0,0,0,0,0,0,0,0,0,0,0,0,0,0,0,0,0,
SAI-ASSET17050006,0,0,0,0,0,0,0,0,0,0,0,0,0,0,0,0,0,NULL
SAI-ASSET17070001,0,0,0,0,0,0,0,0,0,0,0,0,0,0,0,0,0,NULL
SAI-ASSET17070002,0,0,0,0,0,0,0,0,0,0,0,0,0,0,0,0,0,
SAI-ASSET17070003,0,0,0,0,0,0,0,0,0,0,0,0,0,0,0,0,0,
SAI-ASSET17070005,0,0,0,0,0,0,0,0,0,0,0,0,0,0,0,0,0,
SAI-ASSET17070006,0,0,0,0,0,0,0,0,0,0,0,0,0,0,0,0,0,
SAI-ASSET17090001,0,0,0,0,0,0,0,0,0,0,0,0,0,0,0,0,0,
SAI-ASSET17090003,0,0,0,0,0,0,0,0,0,0,0,0,0,0,0,0,0,
SAI-ASSET17090004,0,0,0,0,0,0,0,0,0,0,0,0,0,0,0,0,0,
SAI-ASSET17100001,0,0,0,0,0,0,0,0,0,0,0,0,0,0,0,0,0,NULL
SAI-ASSET17100002,0,0,0,0,0,0,0,0,0,0,0,0,0,0,0,0,0,NULL
SAI-ASSET17100004,61,50,33,38,31,9,13,0,0,0,0,0,0,71,0,0,0,
SAI-ASSET17100005,61,50,33,38,31,9,13,0,0,0,0,0,0,71,0,0,0,
SAI-ASSET17100007,59,45,33,33,29,9,12,0,0,21,0,0,0,72,0,0,0,PIC : Tri Kusuma
SAI-ASSET17100010,0,0,0,0,0,0,0,0,0,0,0,0,0,70,75,85,82,
SAI-ASSET17100012,0,0,0,0,0,0,0,0,0,0,0,0,0,0,0,0,0,NULL
SAI-ASSET17100013,0,0,0,0,0,0,0,0,0,0,0,0,0,70,0,85,82,
SAI-ASSET17100016,0,0,0,0,0,0,0,0,0,0,0,0,0,0,0,0,0,
SAI-ASSET17100017,0,0,0,0,0,0,0,0,0,0,0,0,0,0,0,0,0,
SAI-ASSET17100020,0,0,0,0,0,0,0,0,0,0,0,0,0,0,0,0,0,NULL
SAI-ASSET17100023,0,0,0,0,0,0,0,0,0,0,0,0,0,0,0,0,0,NULL
SAI-ASSET17100024,0,0,0,0,0,0,0,0,0,0,0,0,0,0,0,0,0,NULL
SAI-ASSET17100025,0,0,0,0,0,0,0,0,0,0,0,0,0,0,0,0,0,NULL
SAI-ASSET17100028,0,0,0,0,0,0,0,0,0,0,0,0,0,0,0,0,0,NULL
SAI-ASSET17050004,0,0,0,0,0,0,0,0,0,0,0,0,0,0,0,0,0,NULL
SAI-ASSET17050005,0,0,0,0,0,0,0,0,0,0,0,0,0,0,0,0,0,
SAI-ASSET17100006,62,50,33,38,32,6,12,15,0,21,23,24,0,72,0,0,0,PIC : budi setiaji
SAI-ASSET17100019,0,0,0,0,0,0,0,0,0,0,0,0,0,0,0,0,0,NULL
SAI-ASSET17100022,0,0,0,0,0,0,0,0,0,0,0,0,0,0,0,0,0,NULL
SAI-ASSET17100029,0,0,0,0,0,0,0,0,0,0,0,0,0,0,0,0,0,NULL
SAI-ASSET17100030,0,0,0,0,0,0,0,0,0,0,0,0,0,0,0,0,0,NULL
SAI-ASSET17070004,0,0,0,0,0,0,0,0,0,0,0,0,0,0,0,0,0,
SAI-ASSET17090002,0,0,0,0,0,0,0,0,0,0,0,0,0,0,0,0,0,
SAI-ASSET17100026,NULL,NULL,NULL,NULL,NULL,NULL,NULL,NULL,NULL,NULL,NULL,NULL,NULL,73,NULL,NULL,NULL,
SAI-ASSET17100027,0,0,0,0,0,0,0,0,0,0,0,0,0,70,78,84,81,
SAI-ASSET17100003,0,0,0,0,0,0,0,0,0,0,0,0,0,0,0,0,0,NULL
SAI-ASSET17100008,59,47,33,37,29,2,10,0,0,21,0,0,0,72,0,0,0,PIC : Syaiful
SAI-ASSET17100009,59,47,33,33,28,2,12,0,0,21,0,0,0,72,0,0,0,PIC : Marjito
SAI-ASSET17100011,0,0,0,0,0,0,0,0,0,0,0,0,0,73,0,0,0,
SAI-ASSET17100014,0,0,0,0,0,0,0,0,0,0,0,0,0,70,0,85,81,
SAI-ASSET17100018,0,0,0,0,0,0,0,0,0,0,0,0,0,0,0,0,0,NULL
SAI-ASSET17100021,0,0,0,0,0,0,0,0,0,0,0,0,0,0,0,0,0,NULL
SAI-ASSET16120003,0,0,0,0,0,0,0,0,0,0,0,0,0,0,0,0,0,NULL
SAI-ASSET16120004,0,0,0,0,0,0,0,0,0,0,0,0,0,0,0,0,0,NULL
SAI-ASSET16120006,0,0,0,0,0,0,0,0,0,0,0,0,0,0,0,0,0, 
SAI-ASSET16120010,0,0,0,0,0,0,0,0,0,0,0,0,0,70,75,85,81, 
SAI-ASSET16120012,0,0,0,0,0,0,0,0,0,0,0,0,0,0,0,0,0,NULL
SAI-ASSET16120013,0,0,0,0,0,0,0,0,0,0,0,0,0,0,0,0,0, 
SAI-ASSET16120014,0,0,0,0,0,0,0,0,0,0,0,0,0,0,0,0,0, 
SAI-ASSET16120015,0,0,0,0,0,0,0,0,0,0,0,0,0,0,0,0,0, 
SAI-ASSET16120016,0,0,0,0,0,0,0,0,0,0,0,0,0,0,0,0,0,
SAI-ASSET16120017,0,0,0,0,0,0,0,0,0,0,0,0,0,0,0,0,0, 
SAI-ASSET16120018,0,0,0,0,0,0,0,0,0,0,0,0,0,0,0,0,0, 
SAI-ASSET16120020,0,0,0,0,0,0,0,0,0,0,0,0,0,0,0,0,0, 
SAI-ASSET16120022,0,0,0,0,0,0,0,0,0,0,0,0,0,0,0,0,0, 
SAI-ASSET16120023,0,0,0,0,0,0,0,0,0,0,0,0,0,0,0,0,0, 
SAI-ASSET16120024,0,0,0,0,0,0,0,0,0,0,0,0,0,0,0,0,0, 
SAI-ASSET16120025,0,0,0,0,0,0,0,0,0,0,0,0,0,0,0,0,0, 
SAI-ASSET16120026,59,47,33,33,29,2,10,0,0,0,0,0,0,72,0,0,0, 
SAI-ASSET16120028,0,0,0,0,0,0,0,0,0,0,0,0,0,0,0,0,0, 
SAI-ASSET16120030,0,0,0,0,0,0,0,0,0,0,0,0,0,0,0,0,0,NULL
SAI-ASSET16120031,0,0,0,0,0,0,0,0,0,0,0,0,0,0,0,0,0,NULL
SAI-ASSET16120032,57,45,33,33,28,2,12,0,0,0,0,0,0,72,0,0,0,SIM-X
SAI-ASSET16120033,0,0,0,0,0,0,0,0,0,0,0,0,0,0,0,0,0,NULL
SAI-ASSET16120036,0,0,0,0,0,0,0,0,0,0,0,0,0,0,0,0,0, 
SAI-ASSET16120037,57,45,33,33,27,2,10,0,0,0,0,0,0,72,0,0,0,SAMSUNG
SAI-ASSET16120038,0,0,0,0,0,0,0,0,0,0,0,0,0,0,0,0,0, 
SAI-ASSET16120040,0,0,0,0,0,0,0,0,0,0,0,0,0,0,0,0,0,NULL
SAI-ASSET16120043,61,50,33,38,31,9,12,0,0,0,0,0,66,71,0,0,0,
SAI-ASSET16120044,0,0,0,0,0,0,0,0,0,0,0,0,0,0,0,0,0,NULL
SAI-ASSET16120045,0,0,0,0,0,0,0,0,0,0,0,0,0,0,0,0,0,NULL
SAI-ASSET16120048,0,0,0,0,0,0,0,0,0,0,0,0,0,0,0,0,0,
SAI-ASSET16120049,0,0,0,0,0,0,0,0,0,0,0,0,0,0,0,0,0,
SAI-ASSET16120053,0,0,0,0,0,0,0,0,0,0,0,0,0,0,0,0,0,
SAI-ASSET16120054,0,0,0,0,0,0,0,0,0,0,0,0,0,0,0,0,0, 
SAI-ASSET16120055,0,0,0,0,0,0,0,0,0,0,0,0,0,0,0,0,0,
SAI-ASSET16120056,0,0,0,0,0,0,0,0,0,0,0,0,0,0,0,0,0,NULL
SAI-ASSET16120058,0,0,0,0,0,0,0,0,0,0,0,0,0,0,0,0,0, 
SAI-ASSET16120059,0,0,0,0,0,0,0,0,0,0,0,0,0,0,0,0,0,NULL
SAI-ASSET16120061,0,0,0,0,0,0,0,0,0,0,0,0,0,0,0,0,0, 
SAI-ASSET16120063,0,0,0,0,0,0,0,0,0,0,0,0,0,0,0,0,0,
SAI-ASSET16120064,0,0,0,0,0,0,0,0,0,0,0,0,0,0,0,0,0,
SAI-ASSET16120065,0,0,0,0,0,0,0,0,0,0,0,0,0,0,0,0,0,
SAI-ASSET16120066,0,0,0,0,0,0,0,0,0,0,0,0,0,0,0,0,0,NULL
SAI-ASSET16120067,0,0,0,0,0,0,0,0,0,0,0,0,0,0,0,0,0,NULL
SAI-ASSET16120070,0,0,0,0,0,0,0,0,0,0,0,0,0,0,0,0,0,NULL
SAI-ASSET16120071,0,0,0,0,0,0,0,0,0,0,0,0,0,0,0,0,0,
SAI-ASSET16120073,0,0,0,0,0,0,0,0,0,0,0,0,0,0,0,0,0,NULL
SAI-ASSET16120069,0,0,0,0,0,0,0,0,0,0,0,0,0,0,0,0,0,
SAI-ASSET16120075,0,0,0,0,0,0,0,0,0,0,0,0,0,0,0,0,0,
SAI-ASSET16120077,0,0,0,0,0,0,0,0,0,0,0,0,0,0,0,0,0,NULL
SAI-ASSET16120078,0,0,0,0,0,0,0,0,0,0,0,0,0,0,0,0,0,NULL
SAI-ASSET16120079,0,0,0,0,0,0,0,0,0,0,0,0,0,0,0,0,0,NULL
SAI-ASSET16120080,0,0,0,0,0,0,0,0,0,0,0,0,0,0,0,0,0,
SAI-ASSET16120084,0,0,0,0,0,0,0,0,0,0,0,0,0,0,0,0,0,NULL
SAI-ASSET16120085,0,0,0,0,0,0,0,0,0,0,0,0,0,0,0,0,0,
SAI-ASSET16120086,0,0,0,0,0,0,0,0,0,0,0,0,0,0,0,0,0,
SAI-ASSET16120087,0,0,0,0,0,0,0,0,0,0,0,0,0,0,0,0,0,NULL
SAI-ASSET16120088,0,0,0,0,0,0,0,0,0,0,0,0,0,0,0,0,0,
SAI-ASSET16120090,0,0,0,0,0,0,0,0,0,0,0,0,0,0,0,0,0,NULL
SAI-ASSET16120091,0,0,0,0,0,0,0,0,0,0,0,0,0,0,0,0,0,
SAI-ASSET16120096,0,0,0,0,0,0,0,0,0,0,0,0,0,0,0,0,0,
SAI-ASSET16120097,0,0,0,0,0,0,0,0,0,0,0,0,0,0,0,0,0, 
SAI-ASSET16120101,0,0,0,0,0,0,0,0,0,0,0,0,0,0,0,0,0,NULL
SAI-ASSET16120104,0,0,0,0,0,0,0,0,0,0,0,0,0,0,0,0,0,
SAI-ASSET16120105,0,0,0,0,0,0,0,0,0,0,0,0,0,0,0,0,0, 
SAI-ASSET16120106,0,0,0,0,0,0,0,0,0,0,0,0,0,0,0,0,0, 
SAI-ASSET16120107,0,0,0,0,0,0,0,0,0,0,0,0,0,0,0,0,0,
SAI-ASSET16120108,0,0,0,0,0,0,0,0,0,0,0,0,0,0,0,0,0,
SAI-ASSET16120110,0,0,0,0,0,0,0,0,0,0,0,0,0,0,0,0,0, 
SAI-ASSET16120113,0,0,0,0,0,0,0,0,0,0,0,0,0,0,0,0,0,
SAI-ASSET16120116,0,0,0,0,0,0,0,0,0,0,0,0,0,0,0,0,0, 
SAI-ASSET16120117,0,0,0,0,0,0,0,0,0,0,0,0,0,0,0,0,0,
SAI-ASSET16120118,0,0,0,0,0,0,0,0,0,0,0,0,0,0,0,0,0,
SAI-ASSET16120119,0,0,0,0,0,0,0,0,0,0,0,0,0,0,0,0,0,
SAI-ASSET16120120,0,0,0,0,0,0,0,0,0,0,0,0,0,0,0,0,0, 
SAI-ASSET16120121,0,0,0,0,0,0,0,0,0,0,0,0,0,0,0,0,0,
SAI-ASSET16120122,0,0,0,0,0,0,0,0,0,0,0,0,0,0,0,0,0, 
SAI-ASSET16120123,59,47,0,0,30,2,12,0,0,0,0,0,0,71,0,0,0, 
SAI-ASSET16120126,0,0,0,0,0,0,0,0,0,0,0,0,0,0,0,0,0,
SAI-ASSET16120131,0,0,0,0,0,0,0,0,0,0,0,0,0,0,0,0,0,NULL
SAI-ASSET16120132,0,0,0,0,0,0,0,0,0,0,0,0,0,0,0,0,0, 
SAI-ASSET16120133,0,0,0,0,0,0,0,0,0,0,0,0,0,0,0,0,0,NULL
SAI-ASSET16120136,0,0,0,0,0,0,0,0,0,0,0,0,0,0,0,0,0, 
SAI-ASSET16120138,0,0,0,0,0,0,0,0,0,0,0,0,0,0,0,0,0,
SAI-ASSET16120139,0,0,0,0,0,0,0,0,0,0,0,0,0,0,0,0,0,
SAI-ASSET16120140,0,0,0,0,0,0,0,0,0,0,0,0,0,0,0,0,0, 
SAI-ASSET16120142,0,0,0,0,0,0,0,0,0,0,0,0,0,0,0,0,0, 
SAI-ASSET16120143,0,0,0,0,0,0,0,0,0,0,0,0,0,0,0,0,0, 
SAI-ASSET16120144,0,0,0,0,0,0,0,0,0,0,0,0,0,0,0,0,0, 
SAI-ASSET16120146,0,0,0,0,0,0,0,0,0,0,0,0,0,0,0,0,0, 
SAI-ASSET16120148,0,0,0,0,0,0,0,0,0,0,0,0,0,0,0,0,0, 
SAI-ASSET16120150,0,0,0,0,0,0,0,0,0,0,0,0,0,0,0,0,0, 
SAI-ASSET16120153,0,0,0,0,0,0,0,0,0,0,0,0,0,0,0,0,0,
SAI-ASSET16120007,0,0,0,0,0,0,0,0,0,0,0,0,0,0,0,0,0,NULL
SAI-ASSET16120029,0,0,0,0,0,0,0,0,0,0,0,0,0,0,0,0,0, 
SAI-ASSET16120039,0,0,0,0,0,0,0,0,0,0,0,0,0,0,0,0,0,NULL
SAI-ASSET16120089,0,0,0,0,0,0,0,0,0,0,0,0,0,73,0,0,0, 
SAI-ASSET16120134,0,0,0,0,0,0,0,0,0,0,0,0,0,0,0,0,0,NULL
SAI-ASSET16120135,0,0,0,0,0,0,0,0,0,0,0,0,0,0,0,0,0, 
SAI-ASSET16120137,0,0,0,0,0,0,0,0,0,0,0,0,0,0,0,0,0, 
SAI-ASSET16120145,0,0,0,0,0,0,0,0,0,0,0,0,0,0,0,0,0,NULL
SAI-ASSET16120152,0,0,0,0,0,0,0,0,0,0,0,0,0,0,0,0,0, 
SAI-ASSET16120155,0,0,0,0,0,0,0,0,0,0,0,0,0,0,0,0,0,
SAI-ASSET16120157,0,0,0,0,0,0,0,0,0,0,0,0,0,0,0,0,0,NULL
SAI-ASSET16120158,0,0,0,0,0,0,0,0,0,0,0,0,0,0,0,0,0,NULL
SAI-ASSET16120159,0,0,0,0,0,0,0,0,0,0,0,0,0,0,0,0,0,NULL
SAI-ASSET16120160,0,0,0,0,0,0,0,0,0,0,0,0,0,0,0,0,0,
SAI-ASSET16120164,0,0,0,0,0,0,0,0,0,0,0,0,0,0,0,0,0, 
SAI-ASSET16120166,0,0,0,0,0,0,0,0,0,0,0,0,0,0,0,0,0, 
SAI-ASSET16120167,0,0,0,0,0,0,0,0,0,0,0,0,0,0,0,0,0,
SAI-ASSET16120169,57,45,0,0,27,2,10,0,0,0,0,0,0,72,0,0,0, 
SAI-ASSET16120170,0,0,0,0,0,0,0,0,0,0,0,0,0,0,0,0,0,
SAI-ASSET16120172,0,0,0,0,0,0,0,0,0,0,0,0,0,0,0,0,0,
SAI-ASSET16120176,0,0,0,0,0,0,0,0,0,0,0,0,0,0,0,0,0,
SAI-ASSET16120178,0,0,0,0,0,0,0,0,0,0,0,0,0,0,0,0,0,
SAI-ASSET16120179,59,47,41,33,29,2,10,0,0,0,0,0,0,72,0,0,0, 
SAI-ASSET16120180,0,0,0,0,0,0,0,0,0,0,0,0,0,0,0,0,0, 
SAI-ASSET16120182,0,0,0,0,0,0,0,0,0,0,0,0,0,0,0,0,0, 
SAI-ASSET16120185,57,44,41,33,28,2,10,0,0,0,0,0,0,72,0,0,0,
SAI-ASSET16120187,0,0,0,0,0,0,0,0,0,0,0,0,0,0,0,0,0,NULL
SAI-ASSET16120188,0,0,0,0,0,0,0,0,0,0,0,0,0,70,75,0,82, 
SAI-ASSET16120190,0,0,0,0,0,0,0,0,0,0,0,0,0,0,0,0,0, 
SAI-ASSET16120192,0,0,0,0,0,0,0,0,0,0,0,0,0,0,0,0,0, 
SAI-ASSET16120193,0,0,0,0,0,0,0,0,0,0,0,0,0,0,0,0,0, 
SAI-ASSET16120194,57,45,41,33,28,2,0,0,0,0,0,0,0,72,0,0,0,
SAI-ASSET16120195,0,0,0,0,0,0,0,0,0,0,0,0,0,0,0,0,0, 
SAI-ASSET16120198,59,50,41,33,30,2,0,0,0,0,0,0,0,72,0,0,0,
SAI-ASSET16120199,59,50,33,33,30,0,10,0,0,0,0,0,0,72,0,0,0,HP
SAI-ASSET16120200,0,0,0,0,0,0,0,0,0,0,0,0,0,0,0,0,0,NULL
SAI-ASSET16120201,0,0,0,0,0,0,0,0,0,0,0,0,0,0,0,0,0, 
SAI-ASSET16120203,0,0,0,0,0,0,0,0,0,0,0,0,0,0,0,0,0,NULL
SAI-ASSET16120205,0,0,0,0,0,0,0,0,0,0,0,0,0,0,0,0,0, 
SAI-ASSET16120206,0,0,0,0,0,0,0,0,0,0,0,0,0,0,0,0,0, 
SAI-ASSET16120207,0,0,0,0,0,0,0,0,0,0,0,0,0,0,0,0,0, 
SAI-ASSET16120208,0,0,0,0,0,0,0,0,0,0,0,0,0,0,0,0,0, 
SAI-ASSET16120209,0,0,0,0,0,0,0,0,0,0,0,0,0,0,0,0,0, 
SAI-ASSET16120210,0,0,0,0,0,0,0,0,0,0,0,0,0,0,0,0,0,NULL
SAI-ASSET16120213,0,0,0,0,0,0,0,0,0,0,0,0,0,0,0,0,0, 
SAI-ASSET16120214,0,0,0,0,0,0,0,0,0,0,0,0,0,0,0,0,0,NULL
SAI-ASSET16120027,0,0,0,0,0,0,0,0,0,0,0,0,0,73,0,0,0,
SAI-ASSET16120034,0,0,0,0,0,0,0,0,0,0,0,0,0,70,75,85,81,
SAI-ASSET16120072,0,0,0,0,0,0,0,0,0,0,0,0,0,0,0,0,0,NULL
SAI-ASSET16120083,0,0,0,0,0,0,0,0,0,0,0,0,0,0,0,0,0,
SAI-ASSET16120093,0,0,0,0,0,0,0,0,0,0,0,0,0,0,0,0,0, 
SAI-ASSET16120109,0,0,0,0,0,0,0,0,0,0,0,0,0,0,0,0,0,NULL
SAI-ASSET16120112,0,0,0,0,0,0,0,0,0,0,0,0,0,0,0,0,0, 
SAI-ASSET16120127,59,49,0,0,31,2,12,0,0,0,0,0,0,71,0,0,0, 
SAI-ASSET16120129,0,0,0,0,0,0,0,0,0,0,0,0,0,0,0,0,0,NULL
SAI-ASSET16120154,0,0,0,0,0,0,0,0,0,0,0,0,0,0,0,0,0, 
SAI-ASSET16120197,0,0,0,0,0,0,0,0,0,0,0,0,0,0,0,0,0,NULL
SAI-ASSET16120211,0,0,0,0,0,0,0,0,0,0,0,0,0,0,0,0,0, 
SAI-ASSET16120217,0,0,0,0,0,0,0,0,0,0,0,0,0,0,0,0,0,NULL
SAI-ASSET16120218,57,45,41,33,26,2,0,0,0,0,0,0,0,72,0,0,0, 
SAI-ASSET16120220,59,47,41,33,29,2,0,0,0,0,0,0,0,72,0,0,0,
SAI-ASSET16120222,0,0,0,0,0,0,0,0,0,0,0,0,0,0,0,0,0, 
SAI-ASSET16120225,59,50,33,0,31,4,0,0,0,0,0,0,0,71,0,0,0, 
SAI-ASSET16120226,59,47,33,33,30,4,0,0,0,0,0,0,0,71,0,0,0, 
SAI-ASSET16120227,0,0,0,0,0,0,0,0,0,0,0,0,0,0,0,0,0,NULL
SAI-ASSET16120228,0,0,0,0,0,0,0,0,0,0,0,0,0,0,0,0,0,NULL
SAI-ASSET16120231,0,0,0,0,0,0,0,0,0,0,0,0,0,0,0,0,0,NULL
SAI-ASSET16120232,0,0,0,0,0,0,0,0,0,0,0,0,0,0,0,0,0,NULL
SAI-ASSET16120233,0,0,0,0,0,0,0,0,0,0,0,0,0,0,0,0,0,
SAI-ASSET16120234,0,0,0,0,0,0,0,0,0,0,0,0,0,0,0,0,0,NULL
SAI-ASSET16120235,0,0,0,0,0,0,0,0,0,0,0,0,0,70,78,84,81,
SAI-ASSET16120236,0,0,0,0,0,0,0,0,0,0,0,0,0,0,0,0,0,
SAI-ASSET16120237,0,0,0,0,0,0,0,0,0,0,0,0,0,0,0,0,0,
SAI-ASSET16120240,0,43,41,33,27,2,0,0,0,0,0,0,0,72,0,0,0,
SAI-ASSET16120241,0,0,0,0,0,0,0,0,0,0,0,0,0,0,0,0,0,
SAI-ASSET16120242,0,0,0,0,0,0,0,0,0,0,0,0,0,0,0,0,0,
SAI-ASSET16120243,59,45,41,33,32,2,0,0,0,0,0,0,0,72,0,0,0,
SAI-ASSET16120244,57,46,41,33,27,2,0,0,0,0,0,0,0,72,0,0,0,
SAI-ASSET16120246,0,0,0,0,0,0,0,0,0,0,0,0,0,73,0,0,0,
SAI-ASSET16120247,0,0,0,0,0,0,0,0,0,0,0,0,0,0,0,0,0,NULL
SAI-ASSET16120248,0,0,0,0,0,0,0,0,0,0,0,0,0,0,0,0,0,
SAI-ASSET16120250,0,0,0,0,0,0,0,0,0,0,0,0,0,0,0,0,0,NULL
SAI-ASSET16120252,0,0,0,0,0,0,0,0,0,0,0,0,0,0,0,0,0,NULL
SAI-ASSET16120253,0,0,0,0,0,0,0,0,0,0,0,0,0,0,0,0,0,NULL
SAI-ASSET16120254,0,0,0,0,0,0,0,0,0,0,0,0,0,0,0,0,0,
SAI-ASSET16120255,0,0,0,0,0,0,0,0,0,0,0,0,0,0,0,0,0, 
SAI-ASSET16120256,0,0,0,0,0,0,0,0,0,0,0,0,0,70,75,85,81,
SAI-ASSET16120257,0,0,0,0,0,0,0,0,0,0,0,0,0,0,0,0,0,
SAI-ASSET16120258,0,0,0,0,0,0,0,0,0,0,0,0,0,0,0,0,0, 
SAI-ASSET16120259,0,0,0,0,0,0,0,0,0,0,0,0,0,0,0,0,0,
SAI-ASSET16120260,59,47,41,33,29,2,0,0,0,0,0,0,0,72,0,0,0,
SAI-ASSET16120261,0,0,0,0,0,0,0,0,0,0,0,0,0,0,0,0,0,
SAI-ASSET16120005,0,0,0,0,0,0,0,0,0,0,0,0,0,0,0,0,0, 
SAI-ASSET16120008,59,47,33,33,31,2,0,0,0,0,0,0,0,72,0,0,0, 
SAI-ASSET16120009,0,0,0,0,0,0,0,0,0,0,0,0,0,0,0,0,0,NULL
SAI-ASSET16120011,0,0,0,0,0,0,0,0,0,0,0,0,0,0,0,0,0, 
SAI-ASSET16120019,0,0,0,0,0,0,0,0,0,0,0,0,0,0,0,0,0,NULL
SAI-ASSET16120047,0,0,0,0,0,0,0,0,0,0,0,0,0,0,0,0,0,
SAI-ASSET16120051,0,0,0,0,0,0,0,0,0,0,0,0,0,0,0,0,0,
SAI-ASSET16120052,0,0,0,0,0,0,0,0,0,0,0,0,0,0,0,0,0,
SAI-ASSET16120057,0,0,0,0,0,0,0,0,0,0,0,0,0,0,0,0,0,NULL
SAI-ASSET16120161,0,0,0,0,0,0,0,0,0,0,0,0,0,0,0,0,0, 
SAI-ASSET16120165,0,0,0,0,0,0,0,0,0,0,0,0,0,0,0,0,0, 
SAI-ASSET16120168,0,0,0,0,0,0,0,0,0,0,0,0,0,0,0,0,0, 
SAI-ASSET16120262,0,0,0,0,0,0,0,0,0,0,0,0,0,0,0,0,0,
SAI-ASSET16120263,0,0,0,0,0,0,0,0,0,0,0,0,0,0,0,0,0,NULL
SAI-ASSET16120264,0,0,0,0,0,0,0,0,0,0,0,0,0,0,0,0,0,NULL
SAI-ASSET16120265,0,0,0,0,0,0,0,0,0,0,0,0,0,0,0,0,0,NULL
SAI-ASSET16120266,0,0,0,0,0,0,0,0,0,0,0,0,0,0,0,0,0,
SAI-ASSET16120268,0,0,0,0,0,0,0,0,0,0,0,0,0,0,0,0,0,NULL
SAI-ASSET16120272,0,0,0,0,0,0,0,0,0,0,0,0,0,0,0,0,0, 
SAI-ASSET16120274,0,0,0,0,0,0,0,0,0,0,0,0,0,0,0,0,0, 
SAI-ASSET16120275,0,0,0,0,0,0,0,0,0,0,0,0,0,0,0,0,0,NULL
SAI-ASSET16120276,0,0,0,0,0,0,0,0,0,0,0,0,0,0,0,0,0,NULL
SAI-ASSET16120278,0,0,0,0,0,0,0,0,0,0,0,0,0,0,0,0,0, 
SAI-ASSET16120279,0,0,0,0,0,0,0,0,0,0,0,0,0,0,0,0,0,
SAI-ASSET16120280,0,0,0,0,0,0,0,0,0,0,0,0,0,0,0,0,0, 
SAI-ASSET16120281,0,0,0,0,0,0,0,0,0,0,0,0,0,0,0,0,0,
SAI-ASSET16120282,0,0,0,0,0,0,0,0,0,0,0,0,0,0,0,0,0,
SAI-ASSET16120283,0,0,0,0,0,0,0,0,0,0,0,0,0,0,0,0,0, 
SAI-ASSET16120285,0,0,0,0,0,0,0,0,0,0,0,0,0,0,0,0,0, 
SAI-ASSET16120286,0,0,0,0,0,0,0,0,0,0,0,0,0,0,0,0,0,
SAI-ASSET16120288,0,0,0,0,0,0,0,0,0,0,0,0,0,0,0,0,0, 
SAI-ASSET16120289,0,0,0,0,0,0,0,0,0,0,0,0,0,0,0,0,0, 
SAI-ASSET16120291,0,0,0,0,0,0,0,0,0,0,0,0,0,0,0,0,0, 
SAI-ASSET16120292,0,0,0,0,0,0,0,0,0,0,0,0,0,0,0,0,0, 
SAI-ASSET16120293,0,0,0,0,0,0,0,0,0,0,0,0,0,0,0,0,0,NULL
SAI-ASSET16120295,0,0,0,0,0,0,0,0,0,0,0,0,0,0,0,0,0, 
SAI-ASSET16120296,59,47,33,33,28,2,10,0,0,0,0,0,0,72,0,0,0, 
SAI-ASSET16120297,0,0,0,0,0,0,0,0,0,0,0,0,0,0,0,0,0,
SAI-ASSET16120298,57,45,33,33,28,2,10,0,0,0,0,0,0,72,0,0,0, 
SAI-ASSET16120299,0,0,0,0,0,0,0,0,0,0,0,0,0,0,0,0,0,
SAI-ASSET16120300,0,0,0,0,0,0,0,0,0,0,0,0,0,0,0,0,0, 
SAI-ASSET16120303,0,0,0,0,0,0,0,0,0,0,0,0,0,0,0,0,0,
SAI-ASSET16120305,0,0,0,0,0,0,0,0,0,0,0,0,0,0,0,0,0,
SAI-ASSET16120308,57,45,33,33,27,2,10,0,0,0,0,0,0,72,0,0,0, 
SAI-ASSET16120311,59,45,33,33,28,2,10,0,0,0,0,0,0,72,0,0,0, 
SAI-ASSET16120312,57,44,33,33,27,2,12,0,0,0,0,0,0,72,0,0,0, 
SAI-ASSET16120041,0,0,0,0,0,0,0,0,0,0,0,0,0,0,0,0,0,NULL
SAI-ASSET16120060,0,0,0,0,0,0,0,0,0,0,0,0,0,0,0,0,0,NULL
SAI-ASSET16120081,0,0,0,0,0,0,0,0,0,0,0,0,0,0,0,0,0,
SAI-ASSET16120082,0,0,0,0,0,0,0,0,0,0,0,0,0,0,0,0,0,NULL
SAI-ASSET16120098,0,0,0,0,0,0,0,0,0,0,0,0,0,0,0,0,0,
SAI-ASSET16120102,0,0,0,0,0,0,0,0,0,0,0,0,0,0,0,0,0,NULL
SAI-ASSET16120103,0,0,0,0,0,0,0,0,0,0,0,0,0,0,0,0,0,NULL
SAI-ASSET16120141,0,0,0,0,0,0,0,0,0,0,0,0,0,0,0,0,0, 
SAI-ASSET16120151,0,0,0,0,0,0,0,0,0,0,0,0,0,0,0,0,0, 
SAI-ASSET16120171,57,45,0,0,28,2,11,0,0,0,0,0,0,72,0,0,0, 
SAI-ASSET16120186,0,0,0,0,0,0,0,0,0,0,0,0,0,70,75,0,81, 
SAI-ASSET16120290,0,0,0,0,0,0,0,0,0,0,0,0,0,0,0,0,0,
SAI-ASSET16120304,0,0,0,0,0,0,0,0,0,0,0,0,0,0,0,0,0, 
SAI-ASSET16120307,57,46,33,33,28,2,10,0,0,0,0,0,0,72,0,0,0, 
SAI-ASSET16120313,0,0,0,0,0,0,0,0,0,0,0,0,0,0,0,0,0,NULL
SAI-ASSET16120314,0,0,0,0,0,0,0,0,0,0,0,0,0,0,0,0,0, 
SAI-ASSET16120316,0,0,0,0,0,0,0,0,0,0,0,0,0,0,0,0,0,
SAI-ASSET16120317,0,0,0,0,0,0,0,0,0,0,0,0,0,0,0,0,0,NULL
SAI-ASSET16120320,0,0,0,0,0,0,0,0,0,0,0,0,0,0,0,0,0,
SAI-ASSET16120323,0,0,0,0,0,0,0,0,0,0,0,0,0,0,0,0,0,
SAI-ASSET16120324,0,0,0,0,0,0,0,0,0,0,0,0,0,0,0,0,0,
SAI-ASSET16120327,0,0,0,0,0,0,0,0,0,0,0,0,0,0,0,0,0,
SAI-ASSET16120329,0,0,0,0,0,0,0,0,0,0,0,0,0,0,0,0,0,
SAI-ASSET16120330,0,0,0,0,0,0,0,0,0,0,0,0,0,0,0,0,0,
SAI-ASSET16120331,0,0,0,0,0,0,0,0,0,0,0,0,0,0,0,0,0,
SAI-ASSET16120339,0,0,0,0,0,0,0,0,0,0,0,0,0,0,0,0,0, 
SAI-ASSET16120340,0,0,0,0,0,0,0,0,0,0,0,0,0,0,0,0,0,
SAI-ASSET16120344,0,0,0,0,0,0,0,0,0,0,0,0,0,0,0,0,0, 
SAI-ASSET16120348,0,0,0,0,0,0,0,0,0,0,0,0,0,0,0,0,0,
SAI-ASSET16120350,0,0,0,0,0,0,0,0,0,0,0,0,0,0,0,0,0,
SAI-ASSET16120351,0,0,0,0,0,0,0,0,0,0,0,0,0,0,0,0,0,
SAI-ASSET16120352,0,0,0,0,0,0,0,0,0,0,0,0,0,0,0,0,0,
SAI-ASSET16120354,0,0,0,0,0,0,0,0,0,0,0,0,0,0,0,0,0,NULL
SAI-ASSET16120356,0,0,0,0,0,0,0,0,0,0,0,0,0,0,0,0,0,
SAI-ASSET16120360,0,0,0,0,0,0,0,0,0,0,0,0,0,0,0,0,0, 
SAI-ASSET16120362,0,0,0,0,0,0,0,0,0,0,0,0,0,0,0,0,0,
SAI-ASSET16120364,0,0,0,0,0,0,0,0,0,0,0,0,0,0,0,0,0,
SAI-ASSET16120365,0,0,0,0,0,0,0,0,0,0,0,0,0,0,0,0,0,
SAI-ASSET16120367,59,47,33,38,29,8,12,0,0,0,0,0,0,72,0,0,0, 
SAI-ASSET16120369,0,0,0,0,0,0,0,0,0,0,0,0,0,0,0,0,0,NULL
SAI-ASSET16120371,0,0,0,0,0,0,0,0,0,0,0,0,0,0,0,0,0,
SAI-ASSET16120372,0,0,0,0,0,0,0,0,0,0,0,0,0,0,0,0,0,
SAI-ASSET16120374,0,0,0,0,0,0,0,0,0,0,0,0,0,0,0,0,0,
SAI-ASSET16120375,0,0,0,0,0,0,0,0,0,0,0,0,0,0,0,0,0,
SAI-ASSET16120378,0,0,0,0,0,0,0,0,0,0,0,0,0,0,0,0,0,
SAI-ASSET16120381,0,0,0,0,0,0,0,0,0,0,0,0,0,0,0,0,0, 
SAI-ASSET16120021,0,0,0,0,0,0,0,0,0,0,0,0,0,0,0,0,0, 
SAI-ASSET16120046,0,0,0,0,0,0,0,0,0,0,0,0,0,0,0,0,0,NULL
SAI-ASSET16120050,0,0,0,0,0,0,0,0,0,0,0,0,0,0,0,0,0,
SAI-ASSET16120068,0,0,0,0,0,0,0,0,0,0,0,0,0,0,0,0,0,
SAI-ASSET16120128,0,0,0,0,0,0,0,0,0,0,0,0,0,0,0,0,0,
SAI-ASSET16120149,0,0,0,0,0,0,0,0,0,0,0,0,0,0,0,0,0, 
SAI-ASSET16120196,0,0,0,0,0,0,0,0,0,0,0,0,0,0,0,0,0, 
SAI-ASSET16120212,0,0,0,0,0,0,0,0,0,0,0,0,0,0,0,0,0, 
SAI-ASSET16120223,0,0,0,0,0,0,0,0,0,0,0,0,0,0,0,0,0, 
SAI-ASSET16120385,0,0,0,0,0,0,0,0,0,0,0,0,0,0,0,0,0,NULL
SAI-ASSET16120386,59,45,33,33,29,2,10,0,0,0,0,0,0,72,0,0,0, 
SAI-ASSET16120387,0,0,0,0,0,0,0,0,0,0,0,0,0,0,0,0,0,
SAI-ASSET16120388,0,0,0,0,0,0,0,0,0,0,0,0,0,0,0,0,0,
SAI-ASSET16120393,0,0,0,0,0,0,0,0,0,0,0,0,0,0,0,0,0,
SAI-ASSET16120394,59,47,33,33,30,2,10,0,0,0,0,0,0,72,0,0,0, 
SAI-ASSET16120395,57,45,41,33,28,2,10,0,0,0,0,0,0,72,0,0,0, 
SAI-ASSET16120396,0,0,0,0,0,0,0,0,0,0,0,0,0,0,0,0,0,
SAI-ASSET16120397,0,0,0,0,0,0,0,0,0,0,0,0,0,73,0,0,0, 
SAI-ASSET16120403,0,0,0,0,0,0,0,0,0,0,0,0,0,0,0,0,0,
SAI-ASSET16120404,0,0,0,0,0,0,0,0,0,0,0,0,0,0,0,0,0,
SAI-ASSET16120406,0,0,0,0,0,0,0,0,0,0,0,0,0,0,0,0,0,
SAI-ASSET16120408,59,47,33,33,30,4,10,0,0,0,0,0,0,72,0,0,0, 
SAI-ASSET16120409,0,0,0,0,0,0,0,0,0,0,0,0,0,0,0,0,0, 
SAI-ASSET16120411,57,47,42,33,28,2,0,0,0,0,0,0,0,72,0,0,0, 
SAI-ASSET16120413,0,0,0,0,0,0,0,0,0,0,0,0,0,0,0,0,0,NULL
SAI-ASSET16120414,0,0,0,0,0,0,0,0,0,0,0,0,0,0,0,0,0, 
SAI-ASSET16120416,0,0,0,0,0,0,0,0,0,0,0,0,0,0,0,0,0,
SAI-ASSET16120418,0,0,0,0,0,0,0,0,0,0,0,0,0,0,0,0,0,
SAI-ASSET16120419,0,0,0,0,0,0,0,0,0,0,0,0,0,0,0,0,0,
SAI-ASSET16120420,0,0,0,0,0,0,0,0,0,0,0,0,0,0,0,0,0,
SAI-ASSET16120422,0,0,0,0,0,0,0,0,0,0,0,0,0,0,0,0,0,
SAI-ASSET16120424,0,0,0,0,0,0,0,0,0,0,0,0,0,0,0,0,0,
SAI-ASSET16120425,0,0,0,0,0,0,0,0,0,0,0,0,0,70,76,84,81, 
SAI-ASSET16120427,57,45,0,0,28,2,0,0,0,0,0,0,0,72,0,0,0, 
SAI-ASSET16120428,0,0,0,0,0,0,0,0,0,0,0,0,0,0,0,0,0, 
SAI-ASSET16120429,0,0,0,0,0,0,0,0,0,0,0,0,0,0,0,0,0,NULL
SAI-ASSET16120433,0,0,0,0,0,0,0,0,0,0,0,0,0,0,0,0,0, 
SAI-ASSET16120436,0,0,0,0,0,0,0,0,0,0,0,0,0,0,0,0,0, 
SAI-ASSET16120437,0,0,0,0,0,0,0,0,0,0,0,0,0,0,0,0,0,
SAI-ASSET16120438,0,0,0,0,0,0,0,0,0,0,0,0,0,0,0,0,0, 
SAI-ASSET16120445,0,0,0,0,0,0,0,0,0,0,0,0,0,0,0,0,0,
SAI-ASSET16120446,0,0,0,0,0,0,0,0,0,0,0,0,0,0,0,0,0,
SAI-ASSET16120448,0,0,0,0,0,0,0,0,0,0,0,0,0,0,0,0,0,
SAI-ASSET16120449,0,0,0,0,0,0,0,0,0,0,0,0,0,0,0,0,0,
SAI-ASSET16120451,0,0,0,0,0,0,0,0,0,0,0,0,0,0,0,0,0,
SAI-ASSET16120452,0,0,0,0,0,0,0,0,0,0,0,0,0,0,0,0,0,
SAI-ASSET16120035,0,0,0,0,0,0,0,0,0,0,0,0,0,0,0,0,0, 
SAI-ASSET16120042,0,0,0,0,0,0,0,0,0,0,0,0,0,0,0,0,0, 
SAI-ASSET16120062,0,0,0,0,0,0,0,0,0,0,0,0,0,0,0,0,0,
SAI-ASSET16120074,0,0,0,0,0,0,0,0,0,0,0,0,0,0,0,0,0,NULL
SAI-ASSET16120092,0,0,0,0,0,0,0,0,0,0,0,0,0,74,0,0,0, 
SAI-ASSET16120094,0,0,0,0,0,0,0,0,0,0,0,0,0,0,0,0,0, 
SAI-ASSET16120095,0,0,0,0,0,0,0,0,0,0,0,0,0,0,0,0,0,
SAI-ASSET16120147,0,0,0,0,0,0,0,0,0,0,0,0,0,0,0,0,0,
SAI-ASSET16120156,0,0,0,0,0,0,0,0,0,0,0,0,0,0,0,0,0,NULL
SAI-ASSET16120163,0,0,0,0,0,0,0,0,0,0,0,0,0,0,0,0,0, 
SAI-ASSET16120177,0,0,0,0,0,0,0,0,0,0,0,0,0,0,0,0,0, 
SAI-ASSET16120183,0,0,0,0,0,0,0,0,0,0,0,0,0,70,75,85,81,
SAI-ASSET16120216,0,0,0,0,0,0,0,0,0,0,0,0,0,70,78,85,81,
SAI-ASSET16120359,0,0,0,0,0,0,0,0,0,0,0,0,0,0,0,0,0,
SAI-ASSET16120370,0,0,0,0,0,0,0,0,0,0,0,0,0,0,0,0,0,
SAI-ASSET16120373,0,0,0,0,0,0,0,0,0,0,0,0,0,0,0,0,0,
SAI-ASSET16120382,0,0,0,0,0,0,0,0,0,0,0,0,0,0,0,0,0,NULL
SAI-ASSET16120440,57,45,33,33,28,2,10,0,0,0,0,0,0,72,0,0,0, 
SAI-ASSET16120442,0,0,0,0,0,0,0,0,0,0,0,0,0,0,0,0,0, 
SAI-ASSET16120444,0,0,0,0,0,0,0,0,0,0,0,0,0,0,0,0,0,NULL
SAI-ASSET16120447,0,0,0,0,0,0,0,0,0,0,0,0,0,0,0,0,0,
SAI-ASSET16120453,0,0,0,0,0,0,0,0,0,0,0,0,0,0,0,0,0,
SAI-ASSET16120456,0,0,0,0,0,0,0,0,0,0,0,0,0,0,0,0,0, 
SAI-ASSET16120458,0,0,0,0,0,0,0,0,0,0,0,0,0,0,0,0,0,NULL
SAI-ASSET16120461,0,0,0,0,0,0,0,0,0,0,0,0,0,0,0,0,0,
SAI-ASSET16120462,0,0,0,0,0,0,0,0,0,0,0,0,0,0,0,0,0,
SAI-ASSET16120463,0,0,0,0,0,0,0,0,0,0,0,0,0,0,0,0,0,
SAI-ASSET16120466,0,0,0,0,0,0,0,0,0,0,0,0,0,0,0,0,0,
SAI-ASSET16120471,0,0,0,0,0,0,0,0,0,0,0,0,0,0,0,0,0,
SAI-ASSET16120477,0,0,0,0,0,0,0,0,0,0,0,0,0,0,0,0,0,
SAI-ASSET16120481,0,0,0,0,0,0,0,0,0,0,0,0,0,0,0,0,0,
SAI-ASSET16120482,0,0,0,0,0,0,0,0,0,0,0,0,0,0,0,0,0,
SAI-ASSET16120485,0,0,0,0,0,0,0,0,0,0,0,0,0,0,0,0,0,
SAI-ASSET16120488,0,0,0,0,0,0,0,0,0,0,0,0,0,0,0,0,0,
SAI-ASSET16120489,0,0,0,0,0,0,0,0,0,0,0,0,0,0,0,0,0, 
SAI-ASSET16120492,0,0,0,0,0,0,0,0,0,0,0,0,0,0,0,0,0,
SAI-ASSET16120496,0,0,0,0,0,0,0,0,0,0,0,0,0,0,0,0,0,
SAI-ASSET16120502,0,0,0,0,0,0,0,0,0,0,0,0,0,0,0,0,0,
SAI-ASSET16120510,0,0,0,0,0,0,0,0,0,0,0,0,0,0,0,0,0,
SAI-ASSET16120517,0,0,0,0,0,0,0,0,0,0,0,0,0,0,0,0,0,
SAI-ASSET16120521,0,0,0,0,0,0,0,0,0,0,0,0,0,0,0,0,0, 
SAI-ASSET16120533,0,0,0,0,0,0,0,0,0,0,0,0,0,0,0,0,0, 
SAI-ASSET16120534,0,0,0,0,0,0,0,0,0,0,0,0,0,0,0,0,0,NULL
SAI-ASSET16120539,0,0,0,0,0,0,0,0,0,0,0,0,0,0,0,0,0,NULL
SAI-ASSET16120540,0,0,0,0,0,0,0,0,0,0,0,0,0,0,0,0,0,NULL
SAI-ASSET16120541,0,0,0,0,0,0,0,0,0,0,0,0,0,0,0,0,0,NULL
SAI-ASSET16120076,0,0,0,0,0,0,0,0,0,0,0,0,0,0,0,0,0,
SAI-ASSET16120099,0,0,0,0,0,0,0,0,0,0,0,0,0,0,0,0,0,
SAI-ASSET16120100,0,0,0,0,0,0,0,0,0,0,0,0,0,0,0,0,0,
SAI-ASSET16120111,0,0,0,0,0,0,0,0,0,0,0,0,0,0,0,0,0,
SAI-ASSET16120114,0,0,0,0,0,0,0,0,0,0,0,0,0,0,0,0,0,
SAI-ASSET16120115,0,0,0,0,0,0,0,0,0,0,0,0,0,0,0,0,0,
SAI-ASSET16120124,0,0,0,0,0,0,0,0,0,0,0,0,0,0,0,0,0,NULL
SAI-ASSET16120125,59,47,0,0,30,2,12,0,0,0,0,0,0,71,0,0,0, 
SAI-ASSET16120130,59,47,0,0,30,2,12,0,0,0,0,0,0,71,0,0,0, 
SAI-ASSET16120162,0,0,0,0,0,0,0,0,0,0,0,0,0,0,0,0,0,NULL
SAI-ASSET16120174,57,45,0,0,28,2,11,0,0,0,0,0,0,72,0,0,0, 
SAI-ASSET16120184,0,0,0,0,0,0,0,0,0,0,0,0,0,70,75,85,81, 
SAI-ASSET16120191,0,0,0,0,0,0,0,0,0,0,0,0,0,0,0,0,0, 
SAI-ASSET16120306,0,0,0,0,0,0,0,0,0,0,0,0,0,0,0,0,0,
SAI-ASSET16120338,0,0,0,0,0,0,0,0,0,0,0,0,0,0,0,0,0,NULL
SAI-ASSET16120345,0,0,0,0,0,0,0,0,0,0,0,0,0,0,0,0,0,
SAI-ASSET16120346,0,0,0,0,0,0,0,0,0,0,0,0,0,0,0,0,0,
SAI-ASSET16120347,0,0,0,0,0,0,0,0,0,0,0,0,0,72,0,0,0, 
SAI-ASSET16120353,0,0,0,0,0,0,0,0,0,0,0,0,0,0,0,0,0,
SAI-ASSET16120366,0,0,0,0,0,0,0,0,0,0,0,0,0,0,0,0,0,
SAI-ASSET16120368,0,0,0,0,0,0,0,0,0,0,0,0,0,0,0,0,0,
SAI-ASSET16120377,0,0,0,0,0,0,0,0,0,0,0,0,0,0,0,0,0, 
SAI-ASSET16120389,0,0,0,0,0,0,0,0,0,0,0,0,0,0,0,0,0, 
SAI-ASSET16120392,0,0,0,0,0,0,0,0,0,0,0,0,0,0,0,0,0, 
SAI-ASSET16120430,0,0,0,0,0,0,0,0,0,0,0,0,0,0,0,0,0,NULL
SAI-ASSET16120432,0,0,0,0,0,0,0,0,0,0,0,0,0,0,0,0,0,
SAI-ASSET16120478,0,0,0,0,0,0,0,0,0,0,0,0,0,0,0,0,0,
SAI-ASSET16120498,0,0,0,0,0,0,0,0,0,0,0,0,0,0,0,0,0,
SAI-ASSET16120523,59,50,33,33,31,0,0,0,0,0,0,0,0,71,0,0,0,Notebook ASUS X450J
SAI-ASSET16120542,0,0,0,0,0,0,0,0,0,0,0,0,0,0,0,0,0,NULL
SAI-ASSET16120543,0,0,0,0,0,0,0,0,0,0,0,0,0,0,0,0,0,NULL
SAI-ASSET16120551,0,0,0,0,0,0,0,0,0,0,0,0,0,0,0,0,0, 
SAI-ASSET16120555,0,0,0,0,0,0,0,0,0,0,0,0,0,0,0,0,0,
SAI-ASSET16120556,0,0,0,0,0,0,0,0,0,0,0,0,0,70,76,85,82, 
SAI-ASSET16120559,0,0,0,0,0,0,0,0,0,0,0,0,0,0,0,0,0,
SAI-ASSET16120563,0,0,0,0,0,0,0,0,0,0,0,0,0,0,0,0,0,
SAI-ASSET16120564,0,0,0,0,0,0,0,0,0,0,0,0,0,0,0,0,0,
SAI-ASSET16120569,0,0,0,0,0,0,0,0,0,0,0,0,0,0,0,0,0,NULL
SAI-ASSET16120573,0,0,0,0,0,0,0,0,0,0,0,0,0,0,0,0,0,
SAI-ASSET16120576,0,0,0,0,0,0,0,0,0,0,0,0,0,0,0,0,0,
SAI-ASSET16120577,0,0,0,0,0,0,0,0,0,0,0,0,0,0,0,0,0,NULL
SAI-ASSET16120578,0,0,0,0,0,0,0,0,0,0,0,0,0,0,0,0,0,
SAI-ASSET16120584,0,0,0,0,0,0,0,0,0,0,0,0,0,0,0,0,0,
SAI-ASSET16120586,0,0,0,0,0,0,0,0,0,0,0,0,0,70,75,85,81, 
SAI-ASSET16120587,0,0,0,0,0,0,0,0,0,0,0,0,0,0,0,0,0,
SAI-ASSET16120590,0,0,0,0,0,0,0,0,0,0,0,0,0,0,0,0,0,NULL
SAI-ASSET16120173,0,0,0,0,0,0,0,0,0,0,0,0,0,0,0,0,0,
SAI-ASSET16120175,57,47,0,0,28,2,11,0,0,0,0,0,0,72,0,0,0, 
SAI-ASSET16120181,0,0,0,0,0,0,0,0,0,0,0,0,0,0,0,0,0, 
SAI-ASSET16120189,57,45,41,33,28,2,0,0,0,0,0,0,0,72,0,0,0,
SAI-ASSET16120202,0,0,0,0,0,0,0,0,0,0,0,0,0,73,0,0,0, 
SAI-ASSET16120204,0,0,0,0,0,0,0,0,0,0,0,0,0,70,78,84,81, 
SAI-ASSET16120215,0,0,0,0,0,0,0,0,0,0,0,0,0,0,0,0,0,NULL
SAI-ASSET16120219,59,47,41,33,29,2,0,0,0,0,0,0,0,72,0,0,0,
SAI-ASSET16120221,0,0,0,0,0,0,0,0,0,0,0,0,0,0,0,0,0,NULL
SAI-ASSET16120224,58,45,41,33,27,2,0,0,0,0,0,0,0,72,0,0,0,
SAI-ASSET16120229,59,50,33,33,30,0,0,0,0,0,0,0,0,72,0,0,0,HP
SAI-ASSET16120230,0,0,0,0,0,0,0,0,0,0,0,0,0,0,0,0,0,
SAI-ASSET16120239,0,0,0,0,0,0,0,0,0,0,0,0,0,0,0,0,0,
SAI-ASSET16120245,59,45,41,33,32,2,0,0,0,0,0,0,0,72,0,0,0,
SAI-ASSET16120249,0,0,0,0,0,0,0,0,0,0,0,0,0,0,0,0,0,NULL
SAI-ASSET16120251,0,0,0,0,0,0,0,0,0,0,0,0,0,0,0,0,0,NULL
SAI-ASSET16120269,0,0,0,0,0,0,0,0,0,0,0,0,0,0,0,0,0, 
SAI-ASSET16120284,0,0,0,0,0,0,0,0,0,0,0,0,0,0,0,0,0,
SAI-ASSET16120287,0,0,0,0,0,0,0,0,0,0,0,0,0,0,0,0,0,
SAI-ASSET16120302,0,0,0,0,0,0,0,0,0,0,0,0,0,0,0,0,0, 
SAI-ASSET16120333,0,0,0,0,0,0,0,0,0,0,0,0,0,0,0,0,0,
SAI-ASSET16120334,0,0,0,0,0,0,0,0,0,0,0,0,0,0,0,0,0, 
SAI-ASSET16120341,59,47,33,33,30,8,13,0,0,0,0,0,0,72,0,0,0, 
SAI-ASSET16120400,0,0,0,0,0,0,0,0,0,0,0,0,0,0,0,0,0,
SAI-ASSET16120401,0,0,0,0,0,0,0,0,0,0,0,0,0,0,0,0,0,NULL
SAI-ASSET16120415,0,0,0,0,0,0,0,0,0,0,0,0,0,0,0,0,0,NULL
SAI-ASSET16120426,0,0,0,0,0,0,0,0,0,0,0,0,0,0,0,0,0, 
SAI-ASSET16120439,0,0,0,0,0,0,0,0,0,0,0,0,0,0,0,0,0,
SAI-ASSET16120443,0,0,0,0,0,0,0,0,0,0,0,0,0,0,0,0,0, 
SAI-ASSET16120464,0,0,0,0,0,0,0,0,0,0,0,0,0,0,0,0,0,
SAI-ASSET16120465,0,0,0,0,0,0,0,0,0,0,0,0,0,0,0,0,0,
SAI-ASSET16120470,0,0,0,0,0,0,0,0,0,0,0,0,0,0,0,0,0,
SAI-ASSET16120472,0,0,0,0,0,0,0,0,0,0,0,0,0,0,0,0,0,
SAI-ASSET16120479,0,0,0,0,0,0,0,0,0,0,0,0,0,0,0,0,0,
SAI-ASSET16120483,0,0,0,0,0,0,0,0,0,0,0,0,0,0,0,0,0, 
SAI-ASSET16120490,0,0,0,0,0,0,0,0,0,0,0,0,0,0,0,0,0,
SAI-ASSET16120491,0,0,0,0,0,0,0,0,0,0,0,0,0,0,0,0,0,
SAI-ASSET16120493,0,0,0,0,0,0,0,0,0,0,0,0,0,0,0,0,0,
SAI-ASSET16120494,0,0,0,0,0,0,0,0,0,0,0,0,0,0,0,0,0,
SAI-ASSET16120497,0,0,0,0,0,0,0,0,0,0,0,0,0,0,0,0,0,
SAI-ASSET16120506,0,0,0,0,0,0,0,0,0,0,0,0,0,0,0,0,0,
SAI-ASSET16120515,0,0,0,0,0,0,0,0,0,0,0,0,0,0,0,0,0, 
SAI-ASSET16120516,0,0,0,0,0,0,0,0,0,0,0,0,0,0,0,0,0,
SAI-ASSET16120520,0,0,0,0,0,0,0,0,0,0,0,0,0,0,0,0,0,
SAI-ASSET16120522,0,0,0,0,0,0,0,0,0,0,0,0,0,0,0,0,0,
SAI-ASSET16120524,0,0,0,0,0,0,0,0,0,0,0,0,0,0,0,0,0,
SAI-ASSET16120238,57,45,41,33,28,2,0,0,0,0,0,0,0,72,0,0,0,
SAI-ASSET16120267,0,0,0,0,0,0,0,0,0,0,0,0,0,0,0,0,0, 
SAI-ASSET16120342,0,0,0,0,0,0,0,0,0,0,0,0,0,0,0,0,0,
SAI-ASSET16120355,0,0,0,0,0,0,0,0,0,0,0,0,0,0,0,0,0,
SAI-ASSET16120379,0,0,0,0,0,0,0,0,0,0,0,0,0,0,0,0,0,
SAI-ASSET16120399,0,0,0,0,0,0,0,0,0,0,0,0,0,0,0,0,0,NULL
SAI-ASSET16120405,0,0,0,0,0,0,0,0,0,0,0,0,0,0,0,0,0,NULL
SAI-ASSET16120407,0,0,0,0,0,0,0,0,0,0,0,0,0,70,76,84,81, 
SAI-ASSET16120410,59,50,33,38,31,6,12,0,0,0,0,0,0,71,0,0,0, 
SAI-ASSET16120474,0,0,0,0,0,0,0,0,0,0,0,0,0,0,0,0,0,
SAI-ASSET16120528,0,0,0,0,0,0,0,0,0,0,0,0,0,0,0,0,0,
SAI-ASSET16120535,0,0,0,0,0,0,0,0,0,0,0,0,0,0,0,0,0, 
SAI-ASSET16120545,0,0,0,0,0,0,0,0,0,0,0,0,0,0,0,0,0,NULL
SAI-ASSET16120547,0,0,0,0,0,0,0,0,0,0,0,0,0,0,0,0,0, 
SAI-ASSET16120552,0,0,0,0,0,0,0,0,0,0,0,0,0,0,0,0,0, 
SAI-ASSET16120557,0,0,0,0,0,0,0,0,0,0,0,0,0,0,0,0,0, 
SAI-ASSET16120558,0,0,0,0,0,0,0,0,0,0,0,0,0,0,0,0,0,
SAI-ASSET16120566,0,0,0,0,0,0,0,0,0,0,0,0,0,0,0,0,0, 
SAI-ASSET16120570,59,47,42,38,30,6,12,0,0,0,0,0,0,71,0,0,0, 
SAI-ASSET16120588,0,0,0,0,0,0,0,0,0,0,0,0,0,0,0,0,0,
SAI-ASSET16120592,0,0,0,0,0,0,0,0,0,0,0,0,0,0,0,0,0,
SAI-ASSET16120593,0,0,0,0,0,0,0,0,0,0,0,0,0,0,0,0,0,
SAI-ASSET16120598,0,0,0,0,28,0,0,0,0,0,0,0,0,72,0,0,0, 
SAI-ASSET16120599,0,0,0,0,0,0,0,0,0,0,0,0,0,0,0,0,0,
SAI-ASSET16120602,0,0,0,0,0,0,0,0,0,0,0,0,0,0,0,0,0,NULL
SAI-ASSET16120603,0,0,0,0,0,0,0,0,0,0,0,0,0,0,0,0,0,NULL
SAI-ASSET16120606,57,45,0,33,28,2,10,0,0,0,0,0,0,72,0,0,0, 
SAI-ASSET16120607,0,0,0,0,0,0,0,0,0,0,0,0,0,70,76,84,81, 
SAI-ASSET16120608,0,0,0,0,28,0,0,0,0,0,0,0,0,72,0,0,0, 
SAI-ASSET16120610,57,45,0,33,28,2,10,0,0,0,0,0,0,72,0,0,0, 
SAI-ASSET16120611,0,0,0,0,0,0,0,0,0,0,0,0,0,70,76,84,81, 
SAI-ASSET16120612,0,0,0,0,28,0,0,0,0,0,0,0,0,72,0,0,0, 
SAI-ASSET16120613,0,0,0,0,28,0,0,0,0,0,0,0,0,72,0,0,0, 
SAI-ASSET16120614,0,0,0,0,0,0,0,0,0,0,0,0,0,0,0,0,0,NULL
SAI-ASSET16120616,0,0,0,0,0,0,0,0,0,0,0,0,0,70,76,84,81, 
SAI-ASSET16120617,0,0,0,0,0,0,0,0,0,0,0,0,0,0,0,0,0,NULL
SAI-ASSET16120619,57,45,33,38,30,4,11,0,0,0,0,0,0,71,0,0,0, 
SAI-ASSET16120626,0,0,0,0,0,0,0,0,0,0,0,0,0,0,0,0,0,
SAI-ASSET16120627,0,0,0,0,0,0,0,0,0,0,0,0,0,0,0,0,0,
SAI-ASSET16120628,0,0,0,0,0,0,0,0,0,0,0,0,0,0,0,0,0,NULL
SAI-ASSET16120629,0,0,0,0,0,0,0,0,0,0,0,0,0,0,0,0,0,
SAI-ASSET16120630,0,0,0,0,0,0,0,0,0,0,0,0,0,0,0,0,0,
SAI-ASSET16120639,0,0,0,0,0,0,0,0,0,0,0,0,0,0,0,0,0,NULL
SAI-ASSET16120643,0,0,0,0,0,0,0,0,0,0,0,0,0,0,0,0,0,NULL
SAI-ASSET16120651,0,0,0,0,0,0,0,0,0,0,0,0,0,0,0,0,0,
SAI-ASSET16120652,0,0,0,0,0,0,0,0,0,0,0,0,0,0,0,0,0,
SAI-ASSET16120270,0,0,0,0,0,0,0,0,0,0,0,0,0,0,0,0,0,NULL
SAI-ASSET16120271,0,0,0,0,0,0,0,0,0,0,0,0,0,0,0,0,0,NULL
SAI-ASSET16120273,0,0,0,0,0,0,0,0,0,0,0,0,0,0,0,0,0,
SAI-ASSET16120277,0,0,0,0,0,0,0,0,0,0,0,0,0,0,0,0,0, 
SAI-ASSET16120294,0,0,0,0,0,0,0,0,0,0,0,0,0,0,0,0,0,
SAI-ASSET16120301,59,47,33,33,27,2,12,0,0,0,0,0,66,72,0,0,0, 
SAI-ASSET16120309,0,0,0,0,0,0,0,0,0,0,0,0,0,0,0,0,0,NULL
SAI-ASSET16120310,57,45,33,33,28,2,10,0,0,0,0,0,0,72,0,0,0, 
SAI-ASSET16120319,0,0,0,0,0,0,0,0,0,0,0,0,0,0,0,0,0, 
SAI-ASSET16120321,0,0,0,0,0,0,0,0,0,0,0,0,0,0,0,0,0,NULL
SAI-ASSET16120326,0,0,0,0,0,0,0,0,0,0,0,0,0,0,0,0,0,
SAI-ASSET16120337,0,0,0,0,0,0,0,0,0,0,0,0,0,0,0,0,0,NULL
SAI-ASSET16120343,0,0,0,0,0,0,0,0,0,0,0,0,0,0,0,0,0,
SAI-ASSET16120358,0,0,0,0,0,0,0,0,0,0,0,0,0,0,0,0,0,
SAI-ASSET16120376,0,0,0,0,0,0,0,0,0,0,0,0,0,0,0,0,0,
SAI-ASSET16120390,0,0,0,0,0,0,0,0,0,0,0,0,0,0,0,0,0,
SAI-ASSET16120398,0,0,0,0,0,0,0,0,0,0,0,0,0,0,0,0,0,
SAI-ASSET16120417,0,0,0,0,0,0,0,0,0,0,0,0,0,70,78,84,81, 
SAI-ASSET16120434,0,0,0,0,0,0,0,0,0,0,0,0,0,0,0,0,0, 
SAI-ASSET16120454,0,0,0,0,0,0,0,0,0,0,0,0,0,0,0,0,0,
SAI-ASSET16120457,0,0,0,0,0,0,0,0,0,0,0,0,0,0,0,0,0,
SAI-ASSET16120460,0,0,0,0,0,0,0,0,0,0,0,0,0,0,0,0,0,
SAI-ASSET16120468,0,0,0,0,0,0,0,0,0,0,0,0,0,0,0,0,0,
SAI-ASSET16120486,0,0,0,0,0,0,0,0,0,0,0,0,0,0,0,0,0,
SAI-ASSET16120487,0,0,0,0,0,0,0,0,0,0,0,0,0,0,0,0,0,
SAI-ASSET16120525,59,50,33,33,31,0,0,0,0,0,0,0,0,71,0,0,0,Notebook ASUS X450J
SAI-ASSET16120531,0,0,0,0,0,0,0,0,0,0,0,0,0,0,0,0,0, 
SAI-ASSET16120532,0,0,0,0,0,0,0,0,0,0,0,0,0,0,0,0,0,
SAI-ASSET16120568,0,0,0,0,0,0,0,0,0,0,0,0,0,0,0,0,0,NULL
SAI-ASSET16120605,0,0,0,0,0,0,0,0,0,0,0,0,0,0,0,0,0,NULL
SAI-ASSET16120641,0,0,0,0,0,0,0,0,0,0,0,0,0,0,0,0,0,
SAI-ASSET16120654,0,0,0,0,0,0,0,0,0,0,0,0,0,70,75,85,82,
SAI-ASSET16120655,0,0,0,0,0,0,0,0,0,0,0,0,0,0,0,0,0,NULL
SAI-ASSET16120657,0,0,0,0,0,0,0,0,0,0,0,0,0,0,0,0,0,
SAI-ASSET16120658,0,0,0,0,0,0,0,0,0,0,0,0,0,0,0,0,0,
SAI-ASSET16120659,0,0,0,0,0,0,0,0,0,0,0,0,0,0,0,0,0,
SAI-ASSET16120663,0,0,0,0,0,0,0,0,0,0,0,0,0,0,0,0,0,NULL
SAI-ASSET16120667,0,0,0,0,0,0,0,0,0,0,0,0,0,0,0,0,0, 
SAI-ASSET16120668,0,0,0,0,0,0,0,0,0,0,0,0,0,0,0,0,0,
SAI-ASSET16120670,0,0,0,0,0,0,0,0,0,0,0,0,0,0,0,0,0, 
SAI-ASSET16120671,0,0,0,0,0,0,0,0,0,0,0,0,0,0,0,0,0, 
SAI-ASSET16120673,0,0,0,0,0,0,0,0,0,0,0,0,0,0,0,0,0,NULL
SAI-ASSET16120676,0,0,0,0,0,0,0,0,0,0,0,0,0,72,0,0,0,
SAI-ASSET16120681,0,0,0,0,0,0,0,0,0,0,0,0,0,0,0,0,0,NULL
SAI-ASSET16120682,0,0,0,0,0,0,0,0,0,0,0,0,0,0,0,0,0,
SAI-ASSET16120683,0,0,0,0,0,0,0,0,0,0,0,0,0,0,0,0,0,
SAI-ASSET16120315,59,45,33,33,29,2,12,0,0,0,0,0,0,72,0,0,0, 
SAI-ASSET16120318,0,0,0,0,0,0,0,0,0,0,0,0,0,0,0,0,0, 
SAI-ASSET16120322,0,0,0,0,0,0,0,0,0,0,0,0,0,0,0,0,0,
SAI-ASSET16120325,59,45,33,33,31,7,10,0,0,0,0,0,0,72,0,0,0, 
SAI-ASSET16120328,0,0,0,0,0,0,0,0,0,0,0,0,0,0,0,0,0,
SAI-ASSET16120332,0,0,0,0,0,0,0,0,0,0,0,0,0,0,0,0,0,NULL
SAI-ASSET16120335,0,0,0,0,0,0,0,0,0,0,0,0,0,0,0,0,0,
SAI-ASSET16120336,59,47,33,33,30,2,12,0,0,0,0,0,0,72,0,0,0, 
SAI-ASSET16120349,59,45,33,33,29,3,0,0,0,0,0,0,0,72,0,0,0, 
SAI-ASSET16120357,0,0,0,0,0,0,0,0,0,0,0,0,0,0,0,0,0,
SAI-ASSET16120361,0,0,0,0,0,0,0,0,0,0,0,0,0,0,0,0,0,
SAI-ASSET16120363,0,0,0,0,0,0,0,0,0,0,0,0,0,0,0,0,0,
SAI-ASSET16120380,0,0,0,0,0,0,0,0,0,0,0,0,0,0,0,0,0,
SAI-ASSET16120384,0,0,0,0,0,0,0,0,0,0,0,0,0,0,0,0,0,
SAI-ASSET16120412,0,0,0,0,0,0,0,0,0,0,0,0,0,70,78,84,81, 
SAI-ASSET16120421,0,0,0,0,0,0,0,0,0,0,0,0,0,0,0,0,0,
SAI-ASSET16120455,0,0,0,0,0,0,0,0,0,0,0,0,0,0,0,0,0,
SAI-ASSET16120467,0,0,0,0,0,0,0,0,0,0,0,0,0,0,0,0,0,
SAI-ASSET16120469,0,0,0,0,0,0,0,0,0,0,0,0,0,0,0,0,0,NULL
SAI-ASSET16120480,0,0,0,0,0,0,0,0,0,0,0,0,0,0,0,0,0,
SAI-ASSET16120495,0,0,0,0,0,0,0,0,0,0,0,0,0,0,0,0,0,
SAI-ASSET16120503,0,0,0,0,0,0,0,0,0,0,0,0,0,0,0,0,0,
SAI-ASSET16120504,0,0,0,0,0,0,0,0,0,0,0,0,0,0,0,0,0,
SAI-ASSET16120509,0,0,0,0,0,0,0,0,0,0,0,0,0,0,0,0,0, 
SAI-ASSET16120519,0,0,0,0,0,0,0,0,0,0,0,0,0,70,75,85,81, 
SAI-ASSET16120526,0,0,0,0,0,0,0,0,0,0,0,0,0,0,0,0,0, 
SAI-ASSET16120527,0,0,0,0,0,0,0,0,0,0,0,0,0,0,0,0,0,
SAI-ASSET16120529,0,0,0,0,0,0,0,0,0,0,0,0,0,0,0,0,0,
SAI-ASSET16120530,59,49,33,33,30,0,0,0,0,0,0,0,0,71,0,0,0,Notebook (NBK-X02)
SAI-ASSET16120544,0,0,0,0,0,0,0,0,0,0,0,0,0,0,0,0,0,NULL
SAI-ASSET16120548,0,0,0,0,0,0,0,0,0,0,0,0,0,0,0,0,0,
SAI-ASSET16120549,0,0,0,0,0,0,0,0,0,0,0,0,0,0,0,0,0, 
SAI-ASSET16120550,0,0,0,0,0,0,0,0,0,0,0,0,0,0,0,0,0,
SAI-ASSET16120554,0,0,0,0,0,0,0,0,0,0,0,0,0,0,0,0,0,
SAI-ASSET16120575,0,0,0,0,0,0,0,0,0,0,0,0,0,0,0,0,0,
SAI-ASSET16120580,0,0,0,0,0,0,0,0,0,0,0,0,0,0,0,0,0, 
SAI-ASSET16120583,59,47,41,33,29,2,12,0,0,0,0,0,0,72,0,0,0, 
SAI-ASSET16120595,0,0,0,0,0,0,0,0,0,0,0,0,0,0,0,0,0,
SAI-ASSET16120596,0,0,0,0,0,0,0,0,0,0,0,0,0,0,0,0,0,
SAI-ASSET16120620,0,0,0,0,0,0,0,0,0,0,0,0,0,0,0,0,0,NULL
SAI-ASSET16120622,0,0,0,0,0,0,0,0,0,0,0,0,0,0,0,0,0,NULL
SAI-ASSET16120623,0,0,0,0,0,0,0,0,0,0,0,0,0,0,0,0,0,NULL
SAI-ASSET16120635,0,0,0,0,0,0,0,0,0,0,0,0,0,0,0,0,0,
SAI-ASSET16120637,0,0,0,0,0,0,0,0,0,0,0,0,0,0,0,0,0, 
SAI-ASSET16120674,0,0,0,0,0,0,0,0,0,0,0,0,0,72,0,0,0,
SAI-ASSET16120684,0,0,0,0,0,0,0,0,0,0,0,0,0,0,0,0,0,
SAI-ASSET16120383,0,0,0,0,0,0,0,0,0,0,0,0,0,0,0,0,0,
SAI-ASSET16120391,0,0,0,0,0,0,0,0,0,0,0,0,0,0,0,0,0,
SAI-ASSET16120402,0,0,0,0,0,0,0,0,0,0,0,0,0,0,0,0,0,NULL
SAI-ASSET16120423,0,0,0,0,0,0,0,0,0,0,0,0,0,70,75,85,81, 
SAI-ASSET16120431,0,0,0,0,0,0,0,0,0,0,0,0,0,0,0,0,0,NULL
SAI-ASSET16120435,0,0,0,0,0,0,0,0,0,0,0,0,0,0,0,0,0,
SAI-ASSET16120441,0,0,0,0,28,0,0,0,0,0,0,0,0,72,0,0,0, 
SAI-ASSET16120450,0,0,0,0,0,0,0,0,0,0,0,0,0,0,0,0,0,NULL
SAI-ASSET16120459,0,0,0,0,0,0,0,0,0,0,0,0,0,0,0,0,0, 
SAI-ASSET16120473,0,0,0,0,0,0,0,0,0,0,0,0,0,0,0,0,0,
SAI-ASSET16120475,0,0,0,0,0,0,0,0,0,0,0,0,0,0,0,0,0,
SAI-ASSET16120476,0,0,0,0,0,0,0,0,0,0,0,0,0,0,0,0,0,
SAI-ASSET16120484,0,0,0,0,0,0,0,0,0,0,0,0,0,0,0,0,0,
SAI-ASSET16120505,0,0,0,0,0,0,0,0,0,0,0,0,0,0,0,0,0,
SAI-ASSET16120507,0,0,0,0,0,0,0,0,0,0,0,0,0,0,0,0,0,
SAI-ASSET16120508,0,0,0,0,0,0,0,0,0,0,0,0,0,0,0,0,0,
SAI-ASSET16120512,0,0,0,0,0,0,0,0,0,0,0,0,0,0,0,0,0,
SAI-ASSET16120513,0,0,0,0,0,0,0,0,0,0,0,0,0,0,0,0,0,
SAI-ASSET16120518,0,0,0,0,0,0,0,0,0,0,0,0,0,0,0,0,0,NULL
SAI-ASSET16120536,0,0,0,0,0,0,0,0,0,0,0,0,0,0,0,0,0,NULL
SAI-ASSET16120537,0,0,0,0,0,0,0,0,0,0,0,0,0,0,0,0,0,NULL
SAI-ASSET16120538,0,0,0,0,0,0,0,0,0,0,0,0,0,0,0,0,0,NULL
SAI-ASSET16120546,0,0,0,0,0,0,0,0,0,0,0,0,0,0,0,0,0, 
SAI-ASSET16120561,0,0,0,0,0,0,0,0,0,0,0,0,0,0,0,0,0,
SAI-ASSET16120574,0,0,0,0,0,0,0,0,0,0,0,0,0,0,0,0,0, 
SAI-ASSET16120581,0,0,0,0,0,0,0,0,0,0,0,0,0,0,0,0,0,NULL
SAI-ASSET16120597,57,44,0,33,28,2,10,0,0,0,0,0,0,72,0,0,0, 
SAI-ASSET16120631,0,0,0,0,0,0,0,0,0,0,0,0,0,0,0,0,0,NULL
SAI-ASSET16120642,0,0,0,0,0,0,0,0,0,0,0,0,0,0,0,0,0,
SAI-ASSET16120644,0,0,0,0,0,0,0,0,0,0,0,0,0,0,0,0,0,NULL
SAI-ASSET16120647,0,0,0,0,0,0,0,0,0,0,0,0,0,0,0,0,0,
SAI-ASSET16120660,0,0,0,0,0,0,0,0,0,0,0,0,0,0,0,0,0,
SAI-ASSET16120661,0,0,0,0,0,0,0,0,0,0,0,0,0,0,0,0,0,NULL
SAI-ASSET16120672,0,0,0,0,0,0,0,0,0,0,0,0,0,0,0,0,0,NULL
SAI-ASSET16120679,0,0,0,0,0,0,0,0,0,0,0,0,0,0,0,0,0,NULL
SAI-ASSET16120680,0,0,0,0,0,0,0,0,0,0,0,0,0,0,0,0,0,
SAI-ASSET16120686,0,0,0,0,0,0,0,0,0,0,0,0,0,0,0,0,0,NULL
SAI-ASSET16120688,0,0,0,0,0,0,0,0,0,0,0,0,0,0,0,0,0, 
SAI-ASSET16120692,0,0,0,0,0,0,0,0,0,0,0,0,0,0,0,0,0, 
SAI-ASSET16120693,0,0,0,0,0,0,0,0,0,0,0,0,0,0,0,0,0,
SAI-ASSET16120695,0,0,0,0,0,0,0,0,0,0,0,0,0,72,0,0,0,
SAI-ASSET16120696,0,0,0,0,0,0,0,0,0,0,0,0,0,72,0,0,0,
SAI-ASSET16120699,0,0,0,0,0,0,0,0,0,0,0,0,0,0,0,0,0,NULL
SAI-ASSET16120700,59,0,0,0,29,2,10,0,0,0,0,0,0,72,0,0,0, 
SAI-ASSET16120701,0,0,0,0,0,0,0,0,0,0,0,0,0,0,0,0,0,NULL
SAI-ASSET16120703,57,0,0,0,28,2,0,0,0,0,0,0,0,72,0,0,0,
SAI-ASSET16120499,0,0,0,0,0,0,0,0,0,0,0,0,0,0,0,0,0,
SAI-ASSET16120500,0,0,0,0,0,0,0,0,0,0,0,0,0,0,0,0,0,
SAI-ASSET16120501,0,0,0,0,0,0,0,0,0,0,0,0,0,0,0,0,0,
SAI-ASSET16120511,0,0,0,0,0,0,0,0,0,0,0,0,0,0,0,0,0, 
SAI-ASSET16120514,0,0,0,0,0,0,0,0,0,0,0,0,0,0,0,0,0,
SAI-ASSET16120582,0,0,0,0,0,0,0,0,0,0,0,0,0,0,0,0,0, 
SAI-ASSET16120589,0,0,0,0,0,0,0,0,0,0,0,0,0,73,0,0,0, 
SAI-ASSET16120604,0,0,0,0,0,0,0,0,0,0,0,0,0,0,0,0,0,NULL
SAI-ASSET16120632,0,0,0,0,0,0,0,0,0,0,0,0,0,0,0,0,0,NULL
SAI-ASSET16120638,0,0,0,0,0,0,0,0,0,0,0,0,0,0,0,0,0,
SAI-ASSET16120640,0,0,0,0,0,0,0,0,0,0,0,0,0,0,0,0,0, 
SAI-ASSET16120691,0,0,0,0,0,0,0,0,0,0,0,0,0,0,0,0,0, 
SAI-ASSET16120694,59,0,0,0,29,5,11,0,0,0,0,0,0,72,0,0,0, 
SAI-ASSET16120697,0,0,0,0,0,0,0,0,0,0,0,0,0,0,0,0,0,NULL
SAI-ASSET16120706,0,0,0,0,0,0,0,0,0,0,0,0,0,70,75,85,81,
SAI-ASSET16120707,0,0,0,0,0,0,0,0,0,0,0,0,0,0,0,0,0,
SAI-ASSET16120708,0,0,0,0,0,0,0,0,0,0,0,0,0,70,75,85,82, 
SAI-ASSET16120709,0,0,0,0,0,0,0,0,0,0,0,0,0,73,0,0,0, 
SAI-ASSET16120710,0,0,0,0,0,0,0,0,0,0,0,0,0,0,0,0,0,NULL
SAI-ASSET16120711,0,0,0,0,0,0,0,0,0,0,0,0,0,0,0,0,0,
SAI-ASSET16120715,0,0,0,0,0,0,0,0,0,0,0,0,0,0,0,0,0,
SAI-ASSET16120718,0,0,0,0,0,0,0,0,0,0,0,0,0,0,0,0,0, 
SAI-ASSET16120719,0,0,0,0,0,0,0,0,0,0,0,0,0,0,0,0,0,
SAI-ASSET16120721,0,0,0,0,0,0,0,0,0,0,0,0,0,0,0,0,0,NULL
SAI-ASSET16120722,0,0,0,0,0,0,0,0,0,0,0,0,0,0,0,0,0,
SAI-ASSET16120725,0,0,0,0,0,0,0,0,0,0,0,0,0,0,0,0,0,
SAI-ASSET16120726,0,0,0,0,0,0,0,0,0,0,0,0,0,0,0,0,0,NULL
SAI-ASSET16120727,0,0,0,0,0,0,0,0,0,0,0,0,0,0,0,0,0,NULL
SAI-ASSET16120728,0,0,0,0,0,0,0,0,0,0,0,0,0,0,0,0,0,NULL
SAI-ASSET16120731,0,0,0,0,0,0,0,0,0,0,0,0,0,0,0,0,0,
SAI-ASSET16120734,0,0,0,0,0,0,0,0,0,0,0,0,0,0,0,0,0,
SAI-ASSET16120736,0,0,0,0,0,0,0,0,0,0,0,0,0,0,0,0,0,
SAI-ASSET16120742,0,0,0,0,0,0,0,0,0,0,0,0,0,0,0,0,0,
SAI-ASSET16120743,0,0,0,0,0,0,0,0,0,0,0,0,0,0,0,0,0,
SAI-ASSET16120745,0,0,0,0,0,0,0,0,0,0,0,0,0,0,0,0,0,
SAI-ASSET16120746,0,0,0,0,0,0,0,0,0,0,0,0,0,0,0,0,0,
SAI-ASSET16120747,0,0,0,0,0,0,0,0,0,0,0,0,0,0,0,0,0,
SAI-ASSET16120748,0,0,0,0,0,0,0,0,0,0,0,0,0,0,0,0,0,
SAI-ASSET16120749,0,0,0,0,0,0,0,0,0,0,0,0,0,0,0,0,0, 
SAI-ASSET16120750,0,0,0,0,0,0,0,0,0,0,0,0,0,0,0,0,0,
SAI-ASSET16120751,0,0,0,0,0,0,0,0,0,0,0,0,0,0,0,0,0,
SAI-ASSET16120752,0,0,0,0,0,0,0,0,0,0,0,0,0,0,0,0,0,NULL
SAI-ASSET16120754,0,0,0,0,0,0,0,0,0,0,0,0,0,0,0,0,0,NULL
SAI-ASSET16120756,0,0,0,0,0,0,0,0,0,0,0,0,0,0,0,0,0,NULL
SAI-ASSET16120761,0,0,0,0,0,0,0,0,0,0,0,0,0,0,0,0,0,NULL
SAI-ASSET16120763,0,0,0,0,0,0,0,0,0,0,0,0,0,0,0,0,0,NULL
SAI-ASSET16120553,57,45,33,33,28,2,10,0,0,0,0,0,0,72,0,0,0, 
SAI-ASSET16120560,0,0,0,0,0,0,0,0,0,0,0,0,0,0,0,0,0,
SAI-ASSET16120562,0,0,0,0,0,0,0,0,0,0,0,0,0,0,0,0,0,
SAI-ASSET16120565,59,47,0,0,31,2,10,0,0,0,0,0,0,71,0,0,0, 
SAI-ASSET16120567,57,46,42,33,29,2,10,0,0,0,0,0,0,71,0,0,0, 
SAI-ASSET16120571,0,0,0,0,0,0,0,0,0,0,0,0,0,0,0,0,0, 
SAI-ASSET16120572,0,0,0,0,0,0,0,0,0,0,0,0,0,0,0,0,0,
SAI-ASSET16120579,0,0,0,0,0,0,0,0,0,0,0,0,0,0,0,0,0,
SAI-ASSET16120585,0,0,0,0,0,0,0,0,0,0,0,0,0,0,0,0,0,
SAI-ASSET16120624,0,0,0,0,0,0,0,0,0,0,0,0,0,0,0,0,0,
SAI-ASSET16120625,0,0,0,0,0,0,0,0,0,0,0,0,0,0,0,0,0,
SAI-ASSET16120633,0,0,0,0,0,0,0,0,0,0,0,0,0,0,0,0,0, 
SAI-ASSET16120636,0,0,0,0,0,0,0,0,0,0,0,0,0,0,0,0,0,
SAI-ASSET16120645,0,0,0,0,0,0,0,0,0,0,0,0,0,0,0,0,0, 
SAI-ASSET16120677,0,0,0,0,0,0,0,0,0,0,0,0,0,0,0,0,0,
SAI-ASSET16120755,0,0,0,0,0,0,0,0,0,0,0,0,0,0,0,0,0,NULL
SAI-ASSET16120764,0,0,0,0,0,0,0,0,0,0,0,0,0,0,0,0,0,NULL
SAI-ASSET16120765,0,0,0,0,0,0,0,0,0,0,0,0,0,0,0,0,0,NULL
SAI-ASSET16120767,0,0,0,0,0,0,0,0,0,0,0,0,0,0,0,0,0,NULL
SAI-ASSET16120768,0,0,0,0,0,0,0,0,0,0,0,0,0,0,0,0,0,NULL
SAI-ASSET16120770,0,0,0,0,0,0,0,0,0,0,0,0,0,0,0,0,0,NULL
SAI-ASSET16120774,0,0,0,0,0,0,0,0,0,0,0,0,0,0,0,0,0,NULL
SAI-ASSET16120775,0,0,0,0,0,0,0,0,0,0,0,0,0,0,0,0,0,NULL
SAI-ASSET16120776,0,0,0,0,0,0,0,0,0,0,0,0,0,0,0,0,0,NULL
SAI-ASSET16120777,0,0,0,0,0,0,0,0,0,0,0,0,0,0,0,0,0,NULL
SAI-ASSET16120778,0,0,0,0,0,0,0,0,0,0,0,0,0,0,0,0,0,NULL
SAI-ASSET16120779,0,0,0,0,0,0,0,0,0,0,0,0,0,0,0,0,0,NULL
SAI-ASSET16120782,0,0,0,0,0,0,0,0,0,0,0,0,0,0,0,0,0,NULL
SAI-ASSET16120783,0,0,0,0,0,0,0,0,0,0,0,0,0,0,0,0,0,
SAI-ASSET16120784,0,0,0,0,0,0,0,0,0,0,0,0,0,0,0,0,0,NULL
SAI-ASSET16120787,0,0,0,0,0,0,0,0,0,0,0,0,0,0,0,0,0,NULL
SAI-ASSET16120788,61,50,42,38,31,4,12,0,0,0,0,0,66,71,0,0,0,
SAI-ASSET16120789,61,50,42,38,31,4,12,0,0,0,0,0,0,71,0,0,0, 
SAI-ASSET16120791,0,0,0,0,0,0,0,0,0,0,0,0,0,0,0,0,0,NULL
SAI-ASSET16120792,0,0,0,0,0,0,0,0,0,0,0,0,0,0,0,0,0,
SAI-ASSET16120793,0,0,0,0,0,0,0,0,0,0,0,0,0,0,0,0,0,NULL
SAI-ASSET16120794,0,0,0,0,0,0,0,0,0,0,0,0,0,0,0,0,0,
SAI-ASSET16120795,0,0,0,0,0,0,0,0,0,0,0,0,0,0,0,0,0,
SAI-ASSET16120796,0,0,0,0,0,0,0,0,0,0,0,0,0,0,0,0,0,
SAI-ASSET16120799,0,0,0,0,0,0,0,0,0,0,0,0,0,0,0,0,0,NULL
SAI-ASSET16120802,0,0,0,0,0,0,0,0,0,0,0,0,0,0,0,0,0,
SAI-ASSET16120804,0,0,0,0,0,0,0,0,0,0,0,0,0,0,0,0,0,
SAI-ASSET16120806,0,0,0,0,0,0,0,0,0,0,0,0,0,0,0,0,0,NULL
SAI-ASSET16120807,0,0,0,0,0,0,0,0,0,0,0,0,0,0,0,0,0,NULL
SAI-ASSET16120808,0,0,0,0,0,0,0,0,0,0,0,0,0,0,0,0,0,
SAI-ASSET16120809,0,0,0,0,0,0,0,0,0,0,0,0,0,0,0,0,0,NULL
SAI-ASSET16120591,0,0,0,0,0,0,0,0,0,0,0,0,0,0,0,0,0,NULL
SAI-ASSET16120594,0,0,0,0,0,0,0,0,0,0,0,0,0,0,0,0,0,NULL
SAI-ASSET16120600,0,0,0,0,0,0,0,0,0,0,0,0,0,0,0,0,0,NULL
SAI-ASSET16120601,0,0,0,0,0,0,0,0,0,0,0,0,0,0,0,0,0,
SAI-ASSET16120609,0,0,0,0,0,0,0,0,0,0,0,0,0,70,76,84,81, 
SAI-ASSET16120615,57,45,42,33,28,4,10,0,0,0,0,0,0,72,0,0,0, 
SAI-ASSET16120618,0,0,0,0,0,0,0,0,0,0,0,0,0,0,0,0,0, 
SAI-ASSET16120621,0,0,0,0,0,0,0,0,0,0,0,0,0,0,0,0,0, 
SAI-ASSET16120634,0,0,0,0,0,0,0,0,0,0,0,0,0,0,0,0,0,NULL
SAI-ASSET16120646,0,0,0,0,0,0,0,0,0,0,0,0,0,0,0,0,0, 
SAI-ASSET16120648,0,0,0,0,0,0,0,0,0,0,0,0,0,0,0,0,0,
SAI-ASSET16120649,0,0,0,0,0,0,0,0,0,0,0,0,0,0,0,0,0,NULL
SAI-ASSET16120650,0,0,0,0,0,0,0,0,0,0,0,0,0,0,0,0,0,
SAI-ASSET16120653,0,0,0,0,0,0,0,0,0,0,0,0,0,0,0,0,0,NULL
SAI-ASSET16120656,0,0,0,0,0,0,0,0,0,0,0,0,0,0,0,0,0,
SAI-ASSET16120662,0,0,0,0,0,0,0,0,0,0,0,0,0,0,0,0,0,NULL
SAI-ASSET16120665,0,0,0,0,0,0,0,0,0,0,0,0,0,0,0,0,0,
SAI-ASSET16120669,0,0,0,0,0,0,0,0,0,0,0,0,0,70,75,85,82, 
SAI-ASSET16120675,0,0,0,0,0,0,0,0,0,0,0,0,0,0,0,0,0,
SAI-ASSET16120678,0,0,0,0,0,0,0,0,0,0,0,0,0,0,0,0,0, 
SAI-ASSET16120685,0,0,0,0,0,0,0,0,0,0,0,0,0,0,0,0,0, 
SAI-ASSET16120689,0,0,0,0,0,0,0,0,0,0,0,0,0,0,0,0,0, 
SAI-ASSET16120690,0,0,0,0,0,0,0,0,0,0,0,0,0,0,0,0,0, 
SAI-ASSET16120705,0,0,0,0,0,0,0,0,0,0,0,0,0,0,0,0,0,
SAI-ASSET16120713,0,0,0,0,0,0,0,0,0,0,0,0,0,0,0,0,0,
SAI-ASSET16120723,0,0,0,0,0,0,0,0,0,0,0,0,0,0,0,0,0,
SAI-ASSET16120724,0,0,0,0,0,0,0,0,0,0,0,0,0,0,0,0,0,
SAI-ASSET16120729,0,0,0,0,0,0,0,0,0,0,0,0,0,0,0,0,0,
SAI-ASSET16120735,0,0,0,0,0,0,0,0,0,0,0,0,0,0,0,0,0,
SAI-ASSET16120737,0,0,0,0,0,0,0,0,0,0,0,0,0,0,0,0,0,
SAI-ASSET16120739,0,0,0,0,0,0,0,0,0,0,0,0,0,0,0,0,0,
SAI-ASSET16120740,0,0,0,0,0,0,0,0,0,0,0,0,0,0,0,0,0,
SAI-ASSET16120741,0,0,0,0,0,0,0,0,0,0,0,0,0,0,0,0,0,
SAI-ASSET16120757,0,0,0,0,0,0,0,0,0,0,0,0,0,0,0,0,0,NULL
SAI-ASSET16120769,0,0,0,0,0,0,0,0,0,0,0,0,0,0,0,0,0,NULL
SAI-ASSET16120781,0,0,0,0,0,0,0,0,0,0,0,0,0,0,0,0,0,NULL
SAI-ASSET16120786,0,0,0,0,0,0,0,0,0,0,0,0,0,0,0,0,0,
SAI-ASSET16120790,0,0,0,0,0,0,0,0,0,0,0,0,0,70,79,84,0,
SAI-ASSET16120797,0,0,0,0,0,0,0,0,0,0,0,0,0,0,0,0,0,
SAI-ASSET16120798,0,0,0,0,0,0,0,0,0,0,0,0,0,0,0,0,0,
SAI-ASSET16120800,59,46,33,33,30,8,12,0,0,0,0,0,66,72,0,0,0,
SAI-ASSET16120805,0,0,0,0,0,0,0,0,0,0,0,0,0,0,0,0,0,
SAI-ASSET16120811,0,0,0,0,0,0,0,0,0,0,0,0,0,0,0,0,0,NULL
SAI-ASSET16120813,0,0,0,0,0,0,0,0,0,0,0,0,0,0,0,0,0,NULL
SAI-ASSET16120815,59,46,33,33,30,9,12,0,0,0,0,0,66,72,0,0,0,
SAI-ASSET16120816,0,0,0,0,0,0,0,0,0,0,0,0,0,0,0,0,0,NULL
SAI-ASSET16120664,0,0,0,0,0,0,0,0,0,0,0,0,0,0,0,0,0,
SAI-ASSET16120666,0,0,0,0,0,0,0,0,0,0,0,0,0,0,0,0,0,
SAI-ASSET16120738,0,0,0,0,0,0,0,0,0,0,0,0,0,0,0,0,0,
SAI-ASSET16120753,0,0,0,0,0,0,0,0,0,0,0,0,0,0,0,0,0,NULL
SAI-ASSET16120758,0,0,0,0,0,0,0,0,0,0,0,0,0,0,0,0,0,NULL
SAI-ASSET16120772,0,0,0,0,0,0,0,0,0,0,0,0,0,0,0,0,0,NULL
SAI-ASSET16120773,0,0,0,0,0,0,0,0,0,0,0,0,0,0,0,0,0,
SAI-ASSET16120817,59,47,41,37,29,7,12,0,0,0,0,0,66,72,0,0,0,Aji sanjaya
SAI-ASSET16120819,0,0,0,0,0,0,0,0,0,0,0,0,0,74,0,0,0,
SAI-ASSET16120820,0,0,0,0,0,0,0,0,0,0,0,0,0,0,0,0,0, 
SAI-ASSET16120826,0,0,0,0,0,0,0,0,0,0,0,0,0,74,0,0,0,
SAI-ASSET16120827,0,0,0,0,0,0,0,0,0,0,0,0,0,0,0,0,0,
SAI-ASSET16120831,0,0,0,0,0,0,0,0,0,0,0,0,0,0,0,0,0,
SAI-ASSET16120832,0,0,0,0,0,0,0,0,0,0,0,0,0,0,0,0,0,
SAI-ASSET16120834,0,0,0,0,0,0,0,0,0,0,0,0,0,0,0,0,0,
SAI-ASSET16120836,0,0,0,0,0,0,0,0,0,0,0,0,0,0,0,0,0,
SAI-ASSET16120837,0,0,0,0,0,0,0,0,0,0,0,0,0,0,0,0,0,
SAI-ASSET16120838,0,0,0,0,0,0,0,0,0,0,0,0,0,0,0,0,0,
SAI-ASSET16120840,0,0,0,0,0,0,0,0,0,0,0,0,0,0,0,0,0,
SAI-ASSET16120845,0,0,0,0,0,0,0,0,0,0,0,0,0,0,0,0,0,
SAI-ASSET16120846,0,0,0,0,0,0,0,0,0,0,0,0,0,0,0,0,0,
SAI-ASSET16120848,0,0,0,0,0,0,0,0,0,0,0,0,0,0,0,0,0,
SAI-ASSET16120849,0,0,0,0,0,0,0,0,0,0,0,0,0,0,0,0,0,
SAI-ASSET16120852,0,0,0,0,0,0,0,0,0,0,0,0,0,0,0,0,0,
SAI-ASSET16120853,0,0,0,0,0,0,0,0,0,0,0,0,0,0,0,0,0,
SAI-ASSET16120857,0,0,0,0,0,0,0,0,0,0,0,0,0,0,0,0,0,
SAI-ASSET16120861,0,0,0,0,0,0,0,0,0,0,0,0,0,0,0,0,0, 
SAI-ASSET16120862,0,0,0,0,0,0,0,0,0,0,0,0,0,0,0,0,0, 
SAI-ASSET16120863,0,0,0,0,0,0,0,0,0,0,0,0,0,0,0,0,0, 
SAI-ASSET16120864,0,0,0,0,0,0,0,0,0,0,0,0,0,0,0,0,0, 
SAI-ASSET16120865,0,0,0,0,0,0,0,0,0,0,0,0,0,0,0,0,0, 
SAI-ASSET16120866,0,0,0,0,0,0,0,0,0,0,0,0,0,0,0,0,0,NULL
SAI-ASSET16120869,0,0,0,0,0,0,0,0,0,0,0,0,0,0,0,0,0,
SAI-ASSET16120871,0,0,0,0,0,0,0,0,0,0,0,0,0,0,0,0,0,
SAI-ASSET16120872,0,0,0,0,0,0,0,0,0,0,0,0,0,0,0,0,0,
SAI-ASSET16120874,0,0,0,0,0,0,0,0,0,0,0,0,0,0,0,0,0, 
SAI-ASSET16120875,0,0,0,0,0,0,0,0,0,0,0,0,0,0,0,0,0,
SAI-ASSET16120876,0,0,0,0,0,0,0,0,0,0,0,0,0,0,0,0,0,
SAI-ASSET16120877,0,0,0,0,0,0,0,0,0,0,0,0,0,0,0,0,0,
SAI-ASSET16120878,0,0,0,0,0,0,0,0,0,0,0,0,0,0,0,0,0,
SAI-ASSET16120879,0,0,0,0,0,0,0,0,0,0,0,0,0,0,0,0,0,
SAI-ASSET16120880,0,0,0,0,0,0,0,0,0,0,0,0,0,0,0,0,0,
SAI-ASSET16120883,0,0,0,0,0,0,0,0,0,0,0,0,0,0,0,0,0,
SAI-ASSET16120889,0,0,0,0,0,0,0,0,0,0,0,0,0,0,0,0,0,
SAI-ASSET16120890,0,0,0,0,0,0,0,0,0,0,0,0,0,0,0,0,0,
SAI-ASSET16120891,0,0,0,0,0,0,0,0,0,0,0,0,0,0,0,0,0, 
SAI-ASSET16120687,0,0,0,0,0,0,0,0,0,0,0,0,0,0,0,0,0,NULL
SAI-ASSET16120698,0,0,0,0,0,0,0,0,0,0,0,0,0,72,0,0,0,
SAI-ASSET16120702,0,0,0,0,0,0,0,0,0,0,0,0,0,0,0,0,0,NULL
SAI-ASSET16120704,0,0,0,0,0,0,0,0,0,0,0,0,0,0,0,0,0,NULL
SAI-ASSET16120714,0,0,0,0,0,0,0,0,0,0,0,0,0,0,0,0,0,
SAI-ASSET16120717,0,0,0,0,0,0,0,0,0,0,0,0,0,0,0,0,0,
SAI-ASSET16120730,0,0,0,0,0,0,0,0,0,0,0,0,0,0,0,0,0, 
SAI-ASSET16120732,0,0,0,0,0,0,0,0,0,0,0,0,0,0,0,0,0,
SAI-ASSET16120733,0,0,0,0,0,0,0,0,0,0,0,0,0,0,0,0,0,
SAI-ASSET16120744,0,0,0,0,0,0,0,0,0,0,0,0,0,0,0,0,0,
SAI-ASSET16120759,0,0,0,0,0,0,0,0,0,0,0,0,0,0,0,0,0,NULL
SAI-ASSET16120760,0,0,0,0,0,0,0,0,0,0,0,0,0,0,0,0,0,NULL
SAI-ASSET16120780,0,0,0,0,0,0,0,0,0,0,0,0,0,0,0,0,0,NULL
SAI-ASSET16120803,59,50,42,35,30,8,12,0,0,0,0,0,0,72,0,0,0,
SAI-ASSET16120830,0,0,0,0,0,0,0,0,0,0,0,0,0,0,0,0,0,
SAI-ASSET16120851,0,0,0,0,0,0,0,0,0,0,0,0,0,0,0,0,0,
SAI-ASSET16120855,0,0,0,0,0,0,0,0,0,0,0,0,0,0,0,0,0,
SAI-ASSET16120859,0,0,0,0,0,0,0,0,0,0,0,0,0,0,0,0,0,
SAI-ASSET16120867,0,0,0,0,0,0,0,0,0,0,0,0,0,0,0,0,0, 
SAI-ASSET16120881,0,0,0,0,0,0,0,0,0,0,0,0,0,0,0,0,0,
SAI-ASSET16120882,0,0,0,0,0,0,0,0,0,0,0,0,0,0,0,0,0,
SAI-ASSET16120887,0,0,0,0,0,0,0,0,0,0,0,0,0,0,0,0,0,
SAI-ASSET16120894,0,0,0,0,0,0,0,0,0,0,0,0,0,0,0,0,0,NULL
SAI-ASSET16120895,0,0,0,0,0,0,0,0,0,0,0,0,0,0,0,0,0,
SAI-ASSET16120896,0,0,0,0,0,0,0,0,0,0,0,0,0,0,0,0,0,
SAI-ASSET16120898,0,0,0,0,0,0,0,0,0,0,0,0,0,0,0,0,0,NULL
SAI-ASSET16120905,0,0,0,0,0,0,0,0,0,0,0,0,0,0,0,0,0,
SAI-ASSET16120909,0,0,0,0,0,0,0,0,0,0,0,0,0,0,0,0,0,
SAI-ASSET16120913,0,0,0,0,0,0,0,0,0,0,0,0,0,0,0,0,0,NULL
SAI-ASSET16120916,0,0,0,0,0,0,0,0,0,0,0,0,0,0,0,0,0,
SAI-ASSET16120918,0,0,0,0,0,0,0,0,0,0,0,0,0,0,0,0,0,
SAI-ASSET16120919,0,0,0,0,0,0,0,0,0,0,0,0,0,0,0,0,0,
SAI-ASSET16120920,0,0,0,0,0,0,0,0,0,0,0,0,0,0,0,0,0,
SAI-ASSET16120921,0,0,0,0,0,0,0,0,0,0,0,0,0,0,0,0,0,
SAI-ASSET16120925,0,0,0,0,0,0,0,0,0,0,0,0,0,0,0,0,0,
SAI-ASSET16120928,0,0,0,0,0,0,0,0,0,0,0,0,0,0,0,0,0,
SAI-ASSET16120930,0,0,0,0,0,0,0,0,0,0,0,0,0,0,0,0,0,
SAI-ASSET16120934,0,0,0,0,0,0,0,0,0,0,0,0,0,0,0,0,0,
SAI-ASSET16120938,0,0,0,0,0,0,0,0,0,0,0,0,0,0,0,0,0,
SAI-ASSET16120939,0,0,0,0,0,0,0,0,0,0,0,0,0,0,0,0,0,
SAI-ASSET16120940,0,0,0,0,0,0,0,0,0,0,0,0,0,0,0,0,0,
SAI-ASSET16120943,0,0,0,0,0,0,0,0,0,0,0,0,0,0,0,0,0,
SAI-ASSET16120945,59,50,0,0,31,0,0,0,0,0,0,0,0,71,0,0,0, 
SAI-ASSET16120946,59,50,0,0,31,0,0,0,0,0,0,0,0,71,0,0,0, 
SAI-ASSET16120947,0,0,0,0,0,0,0,0,0,0,0,0,0,0,0,0,0, 
SAI-ASSET16120951,57,45,0,0,26,0,0,0,0,0,0,0,0,72,0,0,0, 
SAI-ASSET16120712,0,0,0,0,0,0,0,0,0,0,0,0,0,0,0,0,0,
SAI-ASSET16120716,0,0,0,0,0,0,0,0,0,0,0,0,0,73,0,0,0, 
SAI-ASSET16120720,0,0,0,0,0,0,0,0,0,0,0,0,0,0,0,0,0,NULL
SAI-ASSET16120762,0,0,0,0,0,0,0,0,0,0,0,0,0,0,0,0,0,NULL
SAI-ASSET16120766,0,0,0,0,0,0,0,0,0,0,0,0,0,0,0,0,0,NULL
SAI-ASSET16120771,0,0,0,0,0,0,0,0,0,0,0,0,0,0,0,0,0,NULL
SAI-ASSET16120785,0,0,0,0,0,0,0,0,0,0,0,0,0,0,0,0,0,
SAI-ASSET16120801,0,0,0,0,0,0,0,0,0,0,0,0,0,0,0,0,0,
SAI-ASSET16120824,0,0,0,0,0,0,0,0,0,0,0,0,0,0,0,0,0,NULL
SAI-ASSET16120873,0,0,0,0,0,0,0,0,0,0,0,0,0,0,0,0,0,
SAI-ASSET16120892,0,0,0,0,0,0,0,0,0,0,0,0,0,0,0,0,0,NULL
SAI-ASSET16120893,0,0,0,0,0,0,0,0,0,0,0,0,0,0,0,0,0,
SAI-ASSET16120899,0,0,0,0,0,0,0,0,0,0,0,0,0,0,0,0,0,NULL
SAI-ASSET16120900,0,0,0,0,0,0,0,0,0,0,0,0,0,0,0,0,0,
SAI-ASSET16120906,0,0,0,0,0,0,0,0,0,0,0,0,0,0,0,0,0,
SAI-ASSET16120907,0,0,0,0,0,0,0,0,0,0,0,0,0,0,0,0,0,
SAI-ASSET16120917,0,0,0,0,0,0,0,0,0,0,0,0,0,0,0,0,0,
SAI-ASSET16120922,0,0,0,0,0,0,0,0,0,0,0,0,0,0,0,0,0,
SAI-ASSET16120923,0,0,0,0,0,0,0,0,0,0,0,0,0,0,0,0,0,
SAI-ASSET16120927,0,0,0,0,0,0,0,0,0,0,0,0,0,0,0,0,0,
SAI-ASSET16120937,0,0,0,0,0,0,0,0,0,0,0,0,0,0,0,0,0,NULL
SAI-ASSET16120953,57,47,0,0,28,0,0,0,0,0,0,0,0,72,0,0,0, 
SAI-ASSET16120955,0,0,0,0,0,0,0,0,0,0,0,0,0,0,0,0,0,NULL
SAI-ASSET16120958,59,50,0,0,31,0,0,0,0,0,0,0,0,71,0,0,0, 
SAI-ASSET16120959,59,45,0,0,28,0,0,0,0,0,0,0,0,72,0,0,0, 
SAI-ASSET16120961,0,0,0,0,0,0,0,0,0,0,0,0,0,0,0,0,0,
SAI-ASSET16120962,0,0,0,0,0,0,0,0,0,0,0,0,0,0,0,0,0,
SAI-ASSET16120963,0,0,0,0,0,0,0,0,0,0,0,0,0,0,0,0,0,
SAI-ASSET16120964,0,0,0,0,0,0,0,0,0,0,0,0,0,0,0,0,0,
SAI-ASSET16120965,0,0,0,0,0,0,0,0,0,0,0,0,0,0,0,0,0,
SAI-ASSET16120966,0,0,0,0,0,0,0,0,0,0,0,0,0,0,0,0,0,
SAI-ASSET16120967,0,0,0,0,0,0,0,0,0,0,0,0,0,0,0,0,0,NULL
SAI-ASSET16120968,0,0,0,0,0,0,0,0,0,0,0,0,0,0,0,0,0, 
SAI-ASSET16120969,0,0,0,0,0,0,0,0,0,0,0,0,0,0,0,0,0,
SAI-ASSET16120975,0,0,0,0,0,0,0,0,0,0,0,0,0,0,0,0,0,NULL
SAI-ASSET16120977,0,0,0,0,0,0,0,0,0,0,0,0,0,0,0,0,0,
SAI-ASSET16120979,0,0,0,0,0,0,0,0,0,0,0,0,0,0,0,0,0,
SAI-ASSET16120983,0,0,0,0,0,0,0,0,0,0,0,0,0,0,0,0,0, 
SAI-ASSET16120984,0,0,0,0,0,0,0,0,0,0,0,0,0,0,0,0,0,
SAI-ASSET16120987,0,0,0,0,0,0,0,0,0,0,0,0,0,70,78,84,81,
SAI-ASSET16120990,0,0,0,0,0,0,0,0,0,0,0,0,0,0,0,0,0,NULL
SAI-ASSET16121000,0,0,0,0,0,0,0,0,0,0,0,0,0,0,0,0,0,
SAI-ASSET16121001,0,0,0,0,0,0,0,0,0,0,0,0,0,0,0,0,0,
SAI-ASSET16121002,0,0,0,0,0,0,0,0,0,0,0,0,0,0,0,0,0,NULL
SAI-ASSET16121004,0,0,0,0,0,0,0,0,0,0,0,0,0,0,0,0,0,
SAI-ASSET16121010,0,0,0,0,0,0,0,0,0,0,0,0,0,0,0,0,0,
SAI-ASSET16120810,0,0,0,0,0,0,0,0,0,0,0,0,0,72,0,0,0, 
SAI-ASSET16120812,0,0,0,0,0,0,0,0,0,0,0,0,0,72,0,0,0,
SAI-ASSET16120814,0,0,0,0,0,0,0,0,0,0,0,0,0,0,0,0,0,
SAI-ASSET16120821,0,0,0,0,0,0,0,0,0,0,0,0,0,0,0,0,0,NULL
SAI-ASSET16120822,0,0,0,0,0,0,0,0,0,0,0,0,0,0,0,0,0,
SAI-ASSET16120823,0,0,0,0,0,0,0,0,0,0,0,0,0,0,0,0,0,
SAI-ASSET16120825,0,0,0,0,0,0,0,0,0,0,0,0,0,74,0,0,0,
SAI-ASSET16120828,0,0,0,0,0,0,0,0,0,0,0,0,0,0,0,0,0,
SAI-ASSET16120833,0,0,0,0,0,0,0,0,0,0,0,0,0,0,0,0,0,
SAI-ASSET16120835,0,0,0,0,0,0,0,0,0,0,0,0,0,0,0,0,0,NULL
SAI-ASSET16120842,0,0,0,0,0,0,0,0,0,0,0,0,0,0,0,0,0,
SAI-ASSET16120847,0,0,0,0,0,0,0,0,0,0,0,0,0,0,0,0,0,
SAI-ASSET16120856,0,0,0,0,0,0,0,0,0,0,0,0,0,0,0,0,0,
SAI-ASSET16120860,0,0,0,0,0,0,0,0,0,0,0,0,0,0,0,0,0, 
SAI-ASSET16120868,0,0,0,0,0,0,0,0,0,0,0,0,0,0,0,0,0, 
SAI-ASSET16120870,57,44,41,0,27,2,10,0,0,0,0,0,0,72,0,0,0, 
SAI-ASSET16120884,0,0,0,0,0,0,0,0,0,0,0,0,0,0,0,0,0,
SAI-ASSET16120886,0,0,0,0,0,0,0,0,0,0,0,0,0,0,0,0,0,
SAI-ASSET16120888,0,0,0,0,0,0,0,0,0,0,0,0,0,0,0,0,0,
SAI-ASSET16120904,0,0,0,0,0,0,0,0,0,0,0,0,0,0,0,0,0,
SAI-ASSET16120911,0,0,0,0,0,0,0,0,0,0,0,0,0,0,0,0,0,
SAI-ASSET16120914,0,0,0,0,0,0,0,0,0,0,0,0,0,0,0,0,0,
SAI-ASSET16120926,0,0,0,0,0,0,0,0,0,0,0,0,0,0,0,0,0,
SAI-ASSET16120929,0,0,0,0,0,0,0,0,0,0,0,0,0,0,0,0,0,
SAI-ASSET16120931,0,0,0,0,0,0,0,0,0,0,0,0,0,0,0,0,0,
SAI-ASSET16120935,0,0,0,0,0,0,0,0,0,0,0,0,0,0,0,0,0,NULL
SAI-ASSET16120942,0,0,0,0,0,0,0,0,0,0,0,0,0,0,0,0,0,
SAI-ASSET16120944,0,0,0,0,0,0,0,0,0,0,0,0,0,0,0,0,0,
SAI-ASSET16120948,0,0,0,0,29,0,0,0,0,0,0,0,0,72,0,0,0, 
SAI-ASSET16120950,60,47,0,0,31,0,0,0,0,0,0,0,0,72,0,0,0, 
SAI-ASSET16120956,0,0,0,0,0,0,0,0,0,0,0,0,0,72,0,0,0, 
SAI-ASSET16120957,0,0,0,0,0,0,0,0,0,0,0,0,0,0,0,0,0,NULL
SAI-ASSET16120970,0,0,0,0,0,0,0,0,0,0,0,0,0,0,0,0,0,
SAI-ASSET16120976,0,0,0,0,0,0,0,0,0,0,0,0,0,0,0,0,0,
SAI-ASSET16120980,0,0,0,0,0,0,0,0,0,0,0,0,0,0,0,0,0, 
SAI-ASSET16120982,0,0,0,0,0,0,0,0,0,0,0,0,0,0,0,0,0,NULL
SAI-ASSET16120988,57,45,41,33,28,2,10,0,0,0,0,0,0,72,0,0,0,
SAI-ASSET16120991,0,0,0,0,0,0,0,0,0,0,0,0,0,0,0,0,0,NULL
SAI-ASSET16120993,0,0,0,0,0,0,0,0,0,0,0,0,0,0,0,0,0,
SAI-ASSET16120996,0,0,0,0,0,0,0,0,0,0,0,0,0,0,0,0,0,
SAI-ASSET16120997,0,0,0,0,0,0,0,0,0,0,0,0,0,0,0,0,0,NULL
SAI-ASSET16121003,0,0,0,0,0,0,0,0,0,0,0,0,0,0,0,0,0,
SAI-ASSET16121007,0,0,0,0,0,0,0,0,0,0,0,0,0,0,0,0,0,
SAI-ASSET16121009,0,0,0,0,0,0,0,0,0,0,0,0,0,0,0,0,0,
SAI-ASSET16121011,0,0,0,0,0,0,0,0,0,0,0,0,0,0,0,0,0,
SAI-ASSET16121013,0,0,0,0,0,0,0,0,0,0,0,0,0,0,0,0,0,
SAI-ASSET16120818,0,0,0,0,0,0,0,0,0,0,0,0,0,0,0,0,0,
SAI-ASSET16120839,0,0,0,0,0,0,0,0,0,0,0,0,0,0,0,0,0,
SAI-ASSET16120841,0,0,0,0,0,0,0,0,0,0,0,0,0,0,0,0,0,
SAI-ASSET16120843,0,0,0,0,0,0,0,0,0,0,0,0,0,0,0,0,0,
SAI-ASSET16120844,0,0,0,0,0,0,0,0,0,0,0,0,0,0,0,0,0,
SAI-ASSET16120850,0,0,0,0,0,0,0,0,0,0,0,0,0,0,0,0,0,
SAI-ASSET16120854,59,50,42,38,31,7,12,0,0,0,0,0,0,71,0,0,0,
SAI-ASSET16120858,0,0,0,0,0,0,0,0,0,0,0,0,0,0,0,0,0,
SAI-ASSET16120885,0,0,0,0,0,0,0,0,0,0,0,0,0,0,0,0,0,NULL
SAI-ASSET16120897,0,0,0,0,0,0,0,0,0,0,0,0,0,0,0,0,0,NULL
SAI-ASSET16120901,0,0,0,0,0,0,0,0,0,0,0,0,0,0,0,0,0,
SAI-ASSET16120902,0,0,0,0,0,0,0,0,0,0,0,0,0,0,0,0,0,
SAI-ASSET16120903,0,0,0,0,0,0,0,0,0,0,0,0,0,0,0,0,0,
SAI-ASSET16120910,0,0,0,0,0,0,0,0,0,0,0,0,0,0,0,0,0,
SAI-ASSET16120924,0,0,0,0,0,0,0,0,0,0,0,0,0,0,0,0,0,
SAI-ASSET16120932,0,0,0,0,0,0,0,0,0,0,0,0,0,0,0,0,0, 
SAI-ASSET16120933,0,0,0,0,0,0,0,0,0,0,0,0,0,70,75,85,83, 
SAI-ASSET16120936,0,0,0,0,0,0,0,0,0,0,0,0,0,0,0,0,0,NULL
SAI-ASSET16120952,0,0,0,0,0,0,0,0,0,0,0,0,0,0,0,0,0,NULL
SAI-ASSET16120992,0,0,0,0,0,0,0,0,0,0,0,0,0,0,0,0,0, 
SAI-ASSET16121006,0,0,0,0,0,0,0,0,0,0,0,0,0,0,0,0,0,
SAI-ASSET16121017,0,0,0,0,0,0,0,0,0,0,0,0,0,0,0,0,0,NULL
SAI-ASSET17010025,0,0,0,0,0,0,0,0,0,0,0,0,0,74,0,0,0,
SAI-ASSET17010029,0,0,0,0,0,0,0,0,0,0,0,0,0,0,0,0,0,NULL
SAI-ASSET17010062,0,0,0,0,0,0,0,0,0,0,0,0,0,0,0,0,0,
SAI-ASSET17010067,0,0,0,0,0,0,0,0,0,0,0,0,0,0,0,0,0, 
SAI-ASSET17010074,57,45,42,0,28,2,12,0,0,0,0,0,0,72,0,0,0,
SAI-ASSET17010081,0,0,0,0,0,0,0,0,0,0,0,0,0,0,0,0,0,
SAI-ASSET17010082,0,0,0,0,0,0,0,0,0,0,0,0,0,70,80,85,81,
SAI-ASSET17010083,0,0,0,0,0,0,0,0,0,0,0,0,0,0,0,0,0,NULL
SAI-ASSET17010085,0,0,0,0,0,0,0,0,0,0,0,0,0,0,0,0,0,NULL
SAI-ASSET17010086,0,0,0,0,0,0,0,0,0,0,0,0,0,0,0,0,0,
SAI-ASSET17010088,0,0,0,0,0,0,0,0,0,0,0,0,0,0,0,0,0,
SAI-ASSET17010089,0,0,0,0,0,0,0,0,0,0,0,0,0,0,0,0,0,
SAI-ASSET17010091,0,0,0,0,0,0,0,0,0,0,0,0,0,0,0,0,0,
SAI-ASSET17010096,0,0,0,0,0,0,0,0,0,0,0,0,0,0,0,0,0, 
SAI-ASSET17010098,0,0,0,0,0,0,0,0,0,0,0,0,0,0,0,0,0,
SAI-ASSET17010100,0,0,0,0,0,0,0,0,0,0,0,0,0,73,0,0,0, 
SAI-ASSET17010102,0,0,0,0,0,0,0,0,0,0,0,0,0,0,0,0,0,
SAI-ASSET17010103,0,0,0,0,0,0,0,0,0,0,0,0,0,0,0,0,0,
SAI-ASSET17010105,0,0,0,0,0,0,0,0,0,0,0,0,0,0,0,0,0,
SAI-ASSET17010106,0,0,0,0,0,0,0,0,0,0,0,0,0,0,0,0,0,
SAI-ASSET17010107,57,45,42,0,27,2,10,0,0,0,0,0,0,72,0,0,0,
SAI-ASSET17010108,0,0,0,0,0,0,0,0,0,0,0,0,0,0,0,0,0,
SAI-ASSET17010115,0,0,0,0,0,0,0,0,0,0,0,0,0,0,0,0,0,
SAI-ASSET17010116,0,0,0,0,0,0,0,0,0,0,0,0,0,0,0,0,0,
SAI-ASSET16120829,0,0,0,0,0,0,0,0,0,0,0,0,0,0,0,0,0,NULL
SAI-ASSET16121015,0,0,0,0,0,0,0,0,0,0,0,0,0,0,0,0,0,
SAI-ASSET16121016,0,0,0,0,0,0,0,0,0,0,0,0,0,0,0,0,0,
SAI-ASSET17010003,0,0,0,0,0,0,0,0,0,0,0,0,0,0,0,0,0,
SAI-ASSET17010005,0,0,0,0,0,0,0,0,0,0,0,0,0,0,0,0,0,NULL
SAI-ASSET17010006,0,0,0,0,0,0,0,0,0,0,0,0,0,70,75,0,81,
SAI-ASSET17010007,0,0,0,0,0,0,0,0,0,0,0,0,0,0,0,0,0,
SAI-ASSET17010008,0,0,0,0,0,0,0,0,0,0,0,0,0,0,0,0,0,
SAI-ASSET17010009,0,0,0,0,0,0,0,0,0,0,0,0,0,0,0,0,0,
SAI-ASSET17010010,0,0,0,0,0,0,0,0,0,0,0,0,0,0,0,0,0,
SAI-ASSET17010013,0,0,0,0,0,0,0,0,0,0,0,0,0,0,0,0,0,NULL
SAI-ASSET17010014,0,0,0,0,0,0,0,0,0,0,0,0,0,0,0,0,0,
SAI-ASSET17010015,0,0,0,0,0,0,0,0,0,0,0,0,0,0,0,0,0,
SAI-ASSET17010016,0,0,0,0,0,0,0,0,0,0,0,0,0,0,0,0,0, 
SAI-ASSET17010017,0,0,0,0,0,0,0,0,0,0,0,0,0,0,0,0,0,NULL
SAI-ASSET17010018,0,0,0,0,0,0,0,0,0,0,0,0,0,0,0,0,0,
SAI-ASSET17010019,0,0,0,0,0,0,0,0,0,0,0,0,0,0,0,0,0,NULL
SAI-ASSET17010024,0,0,0,0,0,0,0,0,0,0,0,0,0,74,0,0,0,
SAI-ASSET17010027,57,47,33,0,28,2,12,0,0,0,0,0,0,72,0,0,0,
SAI-ASSET17010028,57,45,33,0,28,2,10,0,0,0,0,0,0,72,0,0,0, 
SAI-ASSET17010030,0,0,0,0,0,0,0,0,0,0,0,0,0,74,0,0,0, 
SAI-ASSET17010032,0,0,0,0,0,0,0,0,0,0,0,0,0,74,0,0,0, 
SAI-ASSET17010033,0,0,0,0,0,0,0,0,0,0,0,0,0,74,0,0,0,
SAI-ASSET17010034,0,0,0,0,0,0,0,0,0,0,0,0,0,74,0,0,0,
SAI-ASSET17010036,0,0,0,0,0,0,0,0,0,0,0,0,0,0,0,0,0,
SAI-ASSET17010039,0,0,0,0,0,0,0,0,0,0,0,0,0,0,0,0,0,NULL
SAI-ASSET17010040,0,0,0,0,0,0,0,0,0,0,0,0,0,0,0,0,0,NULL
SAI-ASSET17010041,0,0,0,0,0,0,0,0,0,0,0,0,0,0,0,0,0,
SAI-ASSET17010042,0,0,0,0,0,0,0,0,0,0,0,0,0,0,0,0,0,NULL
SAI-ASSET17010043,61,52,33,35,29,9,12,0,0,0,0,0,0,72,0,0,0,
SAI-ASSET17010045,0,0,0,0,0,0,0,0,0,0,0,0,0,0,0,0,0,NULL
SAI-ASSET17010047,0,0,0,0,0,0,0,0,0,0,0,0,0,0,0,0,0,NULL
SAI-ASSET17010050,0,0,0,0,0,0,0,0,0,0,0,0,0,0,0,0,0,
SAI-ASSET17010052,0,0,0,0,0,0,0,0,0,0,0,0,0,0,0,0,0,
SAI-ASSET17010054,0,0,0,0,0,0,0,0,0,0,0,0,0,0,0,0,0, 
SAI-ASSET17010056,0,0,0,0,0,0,0,0,0,0,0,0,0,0,0,0,0,
SAI-ASSET17010057,0,0,0,0,0,0,0,0,0,0,0,0,0,0,0,0,0,
SAI-ASSET17010058,0,0,0,0,0,0,0,0,0,0,0,0,0,0,0,0,0,
SAI-ASSET17010069,0,0,0,0,0,0,0,0,0,0,0,0,0,0,0,0,0,NULL
SAI-ASSET17010071,57,45,33,0,28,2,12,0,0,0,0,0,0,72,0,0,0, 
SAI-ASSET17010072,57,45,33,0,28,2,10,0,0,0,0,0,0,72,0,0,0,
SAI-ASSET17010073,57,45,33,0,28,2,10,0,0,0,0,0,0,72,0,0,0,
SAI-ASSET17010077,0,0,0,0,0,0,0,0,0,0,0,0,0,0,0,0,0,
SAI-ASSET17010078,0,0,0,0,0,0,0,0,0,0,0,0,0,0,0,0,0,
SAI-ASSET17010079,0,0,0,0,0,0,0,0,0,0,0,0,0,70,78,84,81,
SAI-ASSET17010080,0,0,0,0,0,0,0,0,0,0,0,0,0,0,0,0,0,
SAI-ASSET16120908,0,0,0,0,0,0,0,0,0,0,0,0,0,0,0,0,0,
SAI-ASSET16120912,0,0,0,0,0,0,0,0,0,0,0,0,0,0,0,0,0,
SAI-ASSET16120915,0,0,0,0,0,0,0,0,0,0,0,0,0,0,0,0,0,
SAI-ASSET16120941,0,0,0,0,0,0,0,0,0,0,0,0,0,0,0,0,0,
SAI-ASSET16120949,0,0,0,0,0,0,0,0,0,0,0,0,0,0,0,0,0,NULL
SAI-ASSET16120954,59,45,0,0,28,0,0,0,0,0,0,0,0,72,0,0,0, 
SAI-ASSET16120972,0,0,0,0,0,0,0,0,0,0,0,0,0,0,0,0,0,
SAI-ASSET16120973,0,0,0,0,0,0,0,0,0,0,0,0,0,0,0,0,0,
SAI-ASSET16120974,0,0,0,0,0,0,0,0,0,0,0,0,0,0,0,0,0,
SAI-ASSET16120994,0,0,0,0,0,0,0,0,0,0,0,0,0,0,0,0,0,
SAI-ASSET16120998,0,0,0,0,0,0,0,0,0,0,0,0,0,0,0,0,0,
SAI-ASSET16120999,0,0,0,0,0,0,0,0,0,0,0,0,0,0,0,0,0,
SAI-ASSET16121005,0,0,0,0,0,0,0,0,0,0,0,0,0,0,0,0,0,
SAI-ASSET16121012,0,0,0,0,0,0,0,0,0,0,0,0,0,0,0,0,0,
SAI-ASSET17010011,0,0,0,0,0,0,0,0,0,0,0,0,0,0,0,0,0,NULL
SAI-ASSET17010022,0,0,0,0,0,0,0,0,0,0,0,0,0,0,0,0,0, 
SAI-ASSET17010031,0,0,0,0,0,0,0,0,0,0,0,0,0,74,0,0,0, 
SAI-ASSET17010037,0,0,0,0,0,0,0,0,0,0,0,0,0,0,0,0,0, 
SAI-ASSET17010044,0,0,0,0,0,0,0,0,0,0,0,0,0,0,0,0,0,
SAI-ASSET17010046,0,0,0,0,0,0,0,0,0,0,0,0,0,0,0,0,0,
SAI-ASSET17010049,0,0,0,0,0,0,0,0,0,0,0,0,0,0,0,0,0,
SAI-ASSET17010051,0,0,0,0,0,0,0,0,0,0,0,0,0,0,0,0,0,
SAI-ASSET17010065,0,0,0,0,0,0,0,0,0,0,0,0,0,0,0,0,0, 
SAI-ASSET17010068,0,0,0,0,0,0,0,0,0,0,0,0,0,0,0,0,0,NULL
SAI-ASSET17010070,0,0,0,0,0,0,0,0,0,0,0,0,0,0,0,0,0,NULL
SAI-ASSET17010084,0,0,0,0,0,0,0,0,0,0,0,0,0,0,0,0,0,
SAI-ASSET17010095,0,0,0,0,0,0,0,0,0,0,0,0,0,0,0,0,0, 
SAI-ASSET17010097,0,0,0,0,0,0,0,0,0,0,0,0,0,0,0,0,0,NULL
SAI-ASSET17010111,0,0,0,0,0,0,0,0,0,0,0,0,0,0,0,0,0,
SAI-ASSET17010117,0,0,0,0,0,0,0,0,0,0,0,0,0,0,0,0,0, 
SAI-ASSET17010121,59,50,0,0,31,0,0,0,0,0,0,0,0,72,0,0,0,
SAI-ASSET17010122,0,0,0,0,0,0,0,0,0,0,0,0,0,0,0,0,0,
SAI-ASSET17010123,0,0,0,0,0,0,0,0,0,0,0,0,0,0,0,0,0,
SAI-ASSET17010124,0,0,0,0,0,0,0,0,0,0,0,0,0,0,0,0,0,
SAI-ASSET17010125,0,0,0,0,0,0,0,0,0,0,0,0,0,0,0,0,0, 
SAI-ASSET17010127,59,50,0,0,31,0,0,0,0,0,0,0,0,72,0,0,0,
SAI-ASSET17010128,0,0,0,0,0,0,0,0,0,0,0,0,0,0,0,0,0,
SAI-ASSET17010132,59,50,0,0,31,0,0,0,0,0,0,0,0,72,0,0,0, 
SAI-ASSET17010136,0,0,0,0,0,0,0,0,0,0,0,0,0,0,0,0,0,
SAI-ASSET17010137,0,0,0,0,0,0,0,0,0,0,0,0,0,0,0,0,0,
SAI-ASSET17010138,57,47,0,0,28,0,0,0,0,0,0,0,0,72,0,0,0, 
SAI-ASSET17010139,0,0,0,0,0,0,0,0,0,0,0,0,0,0,0,0,0,
SAI-ASSET17010141,0,0,0,0,0,0,0,0,0,0,0,0,0,0,0,0,0, 
SAI-ASSET17010143,0,0,0,0,0,0,0,0,0,0,0,0,0,0,0,0,0,
SAI-ASSET17010146,0,0,0,0,0,0,0,0,0,0,0,0,0,0,0,0,0,
SAI-ASSET17010149,0,0,0,0,0,0,0,0,0,0,0,0,0,0,0,0,0,
SAI-ASSET16120960,0,0,0,0,0,0,0,0,0,0,0,0,0,0,0,0,0,
SAI-ASSET16120971,0,0,0,0,0,0,0,0,0,0,0,0,0,0,0,0,0,NULL
SAI-ASSET16120978,0,0,0,0,0,0,0,0,0,0,0,0,0,0,0,0,0,
SAI-ASSET16120981,0,0,0,0,0,0,0,0,0,0,0,0,0,0,0,0,0,
SAI-ASSET16120985,0,0,0,0,0,0,0,0,0,0,0,0,0,0,0,0,0,
SAI-ASSET16120986,0,0,0,0,0,0,0,0,0,0,0,0,0,0,0,0,0,NULL
SAI-ASSET16120995,0,0,0,0,0,0,0,0,0,0,0,0,0,0,0,0,0,
SAI-ASSET17010001,0,0,0,0,0,0,0,0,0,0,0,0,0,70,78,0,81,
SAI-ASSET17010002,0,0,0,0,0,0,0,0,0,0,0,0,0,0,0,0,0,
SAI-ASSET17010004,0,0,0,0,0,0,0,0,0,0,0,0,0,0,0,0,0,
SAI-ASSET17010012,0,0,0,0,0,0,0,0,0,0,0,0,0,0,0,0,0,
SAI-ASSET17010038,0,0,0,0,0,0,0,0,0,0,0,0,0,0,0,0,0,
SAI-ASSET17010055,0,0,0,0,0,0,0,0,0,0,0,0,0,0,0,0,0, 
SAI-ASSET17010061,0,0,0,0,0,0,0,0,0,0,0,0,0,0,0,0,0,
SAI-ASSET17010066,0,0,0,0,0,0,0,0,0,0,0,0,0,0,0,0,0,
SAI-ASSET17010076,0,0,0,0,0,0,0,0,0,0,0,0,0,0,0,0,0,
SAI-ASSET17010101,0,0,0,0,0,0,0,0,0,0,0,0,0,0,0,0,0, 
SAI-ASSET17010104,0,0,0,0,0,0,0,0,0,0,0,0,0,0,0,0,0,
SAI-ASSET17010131,0,0,0,0,0,0,0,0,0,0,0,0,0,0,0,0,0,
SAI-ASSET17010134,0,0,0,0,0,0,0,0,0,0,0,0,0,0,0,0,0,
SAI-ASSET17010135,0,0,0,0,0,0,0,0,0,0,0,0,0,0,0,0,0,NULL
SAI-ASSET17010140,0,0,0,0,0,0,0,0,0,0,0,0,0,0,0,0,0,NULL
SAI-ASSET17010150,0,0,0,0,0,0,0,0,0,0,0,0,0,0,0,0,0, 
SAI-ASSET17010152,0,0,0,0,0,0,0,0,0,0,0,0,0,0,0,0,0, 
SAI-ASSET17010153,0,0,0,0,0,0,0,0,0,0,0,0,0,0,0,0,0,
SAI-ASSET17010156,0,0,0,0,0,0,0,0,0,0,0,0,0,0,0,0,0,
SAI-ASSET17010157,0,0,0,0,0,0,0,0,0,0,0,0,0,0,0,0,0,
SAI-ASSET17010158,0,0,0,0,0,0,0,0,0,0,0,0,0,0,0,0,0,
SAI-ASSET17010160,0,0,0,0,0,0,0,0,0,0,0,0,0,0,0,0,0, 
SAI-ASSET17010162,0,0,0,0,0,0,0,0,0,0,0,0,0,0,0,0,0,
SAI-ASSET17010163,0,0,0,0,0,0,0,0,0,0,0,0,0,0,0,0,0,
SAI-ASSET17010164,0,0,0,0,0,0,0,0,0,0,0,0,0,0,0,0,0,NULL
SAI-ASSET17010165,0,0,0,0,0,0,0,0,0,0,0,0,0,0,0,0,0,
SAI-ASSET17010166,0,0,0,0,0,0,0,0,0,0,0,0,0,0,0,0,0,
SAI-ASSET17010167,0,0,0,0,0,0,0,0,0,0,0,0,0,0,0,0,0,
SAI-ASSET17010170,0,0,0,0,0,0,0,0,0,0,0,0,0,0,0,0,0,
SAI-ASSET17010174,0,0,0,0,0,0,0,0,0,0,0,0,0,0,0,0,0,
SAI-ASSET17010175,0,0,0,0,0,0,0,0,0,0,0,0,0,0,0,0,0,
SAI-ASSET17010176,0,0,0,0,0,0,0,0,0,0,0,0,0,0,0,0,0,
SAI-ASSET17010177,0,0,0,0,0,0,0,0,0,0,0,0,0,0,0,0,0,
SAI-ASSET17010179,0,0,0,0,0,0,0,0,0,0,0,0,0,0,0,0,0,
SAI-ASSET17010181,0,0,0,0,0,0,0,0,0,0,0,0,0,0,0,0,0,
SAI-ASSET17010182,0,0,0,0,0,0,0,0,0,0,0,0,0,0,0,0,0,
SAI-ASSET17010185,0,0,0,0,0,0,0,0,0,0,0,0,0,0,0,0,0,
SAI-ASSET17010187,0,0,0,0,0,0,0,0,0,0,0,0,0,0,0,0,0,
SAI-ASSET17010188,0,0,0,0,0,0,0,0,0,0,0,0,0,0,0,0,0,
SAI-ASSET16120989,57,45,41,33,28,3,12,0,0,0,0,0,0,72,0,0,0,
SAI-ASSET16121008,0,0,0,0,0,0,0,0,0,0,0,0,0,0,0,0,0,
SAI-ASSET16121014,0,0,0,0,0,0,0,0,0,0,0,0,0,0,0,0,0,
SAI-ASSET17010060,0,0,0,0,0,0,0,0,0,0,0,0,0,0,0,0,0,
SAI-ASSET17010172,0,0,0,0,0,0,0,0,0,0,0,0,0,0,0,0,0,
SAI-ASSET17010189,0,0,0,0,0,0,0,0,0,0,0,0,0,0,0,0,0,
SAI-ASSET17010190,0,0,0,0,0,0,0,0,0,0,0,0,0,0,0,0,0,
SAI-ASSET17010191,0,0,0,0,0,0,0,0,0,0,0,0,0,0,0,0,0,NULL
SAI-ASSET17010192,0,0,0,0,0,0,0,0,0,0,0,0,0,0,0,0,0,NULL
SAI-ASSET17010193,0,0,0,0,0,0,0,0,0,0,0,0,0,0,0,0,0,NULL
SAI-ASSET17010194,0,0,0,0,0,0,0,0,0,0,0,0,0,71,0,0,0,
SAI-ASSET17010195,0,0,0,0,0,0,0,0,0,0,0,0,0,71,0,0,0,
SAI-ASSET17010198,0,0,0,0,29,2,0,0,0,0,0,0,0,71,0,0,0,
SAI-ASSET17010199,0,0,0,0,0,0,0,0,0,0,0,0,0,0,0,0,0,
SAI-ASSET17010200,0,0,0,0,0,0,0,0,0,0,0,0,0,0,0,0,0,
SAI-ASSET17010202,0,0,0,0,0,0,0,0,0,0,0,0,0,0,0,0,0,
SAI-ASSET17010203,0,0,0,0,0,0,0,0,0,0,0,0,0,0,0,0,0,
SAI-ASSET17010204,0,0,0,0,0,0,0,0,0,0,0,0,0,0,0,0,0,
SAI-ASSET17010205,0,0,0,0,0,0,0,0,0,0,0,0,0,0,0,0,0,
SAI-ASSET17010206,0,0,0,0,0,0,0,0,0,0,0,0,0,0,0,0,0,NULL
SAI-ASSET17010207,0,0,0,0,0,0,0,0,0,0,0,0,0,0,0,0,0,
SAI-ASSET17010208,0,0,0,0,0,0,0,0,0,0,0,0,0,0,0,0,0,
SAI-ASSET17010210,0,0,0,0,0,0,0,0,0,0,0,0,0,0,0,0,0,
SAI-ASSET17010214,0,0,0,0,0,0,0,0,0,0,0,0,0,0,0,0,0,
SAI-ASSET17010215,0,0,0,0,0,0,0,0,0,0,0,0,0,0,0,0,0,
SAI-ASSET17010217,0,0,0,0,0,0,0,0,0,0,0,0,0,0,0,0,0,
SAI-ASSET17010220,0,0,0,0,0,0,0,0,0,0,0,0,0,0,0,0,0,
SAI-ASSET17010221,0,0,0,0,0,0,0,0,0,0,0,0,0,0,0,0,0,
SAI-ASSET17010222,0,0,0,0,0,0,0,0,0,0,0,0,0,0,0,0,0,
SAI-ASSET17010223,0,0,0,0,0,0,0,0,0,0,0,0,0,0,0,0,0,
SAI-ASSET17010224,0,0,0,0,0,0,0,0,0,0,0,0,0,0,0,0,0,NULL
SAI-ASSET17010225,0,0,0,0,0,0,0,0,0,0,0,0,0,0,0,0,0,NULL
SAI-ASSET17010226,0,0,0,0,0,0,0,0,0,0,0,0,0,0,0,0,0,
SAI-ASSET17010227,0,0,0,0,0,0,0,0,0,0,0,0,0,0,0,0,0,
SAI-ASSET17010228,0,0,0,0,0,0,0,0,0,0,0,0,0,0,0,0,0,
SAI-ASSET17010229,0,0,0,0,0,0,0,0,0,0,0,0,0,0,0,0,0,
SAI-ASSET17010231,0,0,0,0,0,0,0,0,0,0,0,0,0,0,0,0,0,
SAI-ASSET17010234,0,0,0,0,0,0,0,0,0,0,0,0,0,0,0,0,0,
SAI-ASSET17010236,0,0,0,0,0,0,0,0,0,0,0,0,0,0,0,0,0,
SAI-ASSET17010237,0,0,0,0,0,0,0,0,0,0,0,0,0,0,0,0,0,
SAI-ASSET17010239,0,0,0,0,0,0,0,0,0,0,0,0,0,0,0,0,0,
SAI-ASSET17010240,0,0,0,0,0,0,0,0,0,0,0,0,0,0,0,0,0,
SAI-ASSET17010241,0,0,0,0,0,0,0,0,0,0,0,0,0,0,0,0,0,
SAI-ASSET17010243,0,0,0,0,0,0,0,0,0,0,0,0,0,0,0,0,0,
SAI-ASSET17010244,0,0,0,0,0,0,0,0,0,0,0,0,0,0,0,0,0,
SAI-ASSET17010247,0,0,0,0,0,0,0,0,0,0,0,0,0,0,0,0,0,
SAI-ASSET17010020,0,0,0,0,0,0,0,0,0,0,0,0,0,0,0,0,0,NULL
SAI-ASSET17010021,0,0,0,0,0,0,0,0,0,0,0,0,0,0,0,0,0,
SAI-ASSET17010023,0,0,0,0,0,0,0,0,0,0,0,0,0,74,0,0,0, 
SAI-ASSET17010026,57,45,33,0,28,2,12,0,0,0,0,0,0,72,0,0,0, 
SAI-ASSET17010035,0,0,0,0,0,0,0,0,0,0,0,0,0,0,0,0,0,NULL
SAI-ASSET17010048,57,47,0,0,0,1,0,0,0,0,0,0,0,72,0,0,0,
SAI-ASSET17010053,0,0,0,0,0,0,0,0,0,0,0,0,0,0,0,0,0, 
SAI-ASSET17010059,0,0,0,0,0,0,0,0,0,0,0,0,0,0,0,0,0, 
SAI-ASSET17010063,0,0,0,0,0,0,0,0,0,0,0,0,0,0,0,0,0,
SAI-ASSET17010064,0,0,0,0,0,0,0,0,0,0,0,0,0,0,0,0,0,
SAI-ASSET17010075,0,0,0,0,0,0,0,0,0,0,0,0,0,70,78,84,81,
SAI-ASSET17010087,0,0,0,0,0,0,0,0,0,0,0,0,0,0,0,0,0,
SAI-ASSET17010090,0,0,0,0,0,0,0,0,0,0,0,0,0,0,0,0,0,
SAI-ASSET17010092,0,0,0,0,0,0,0,0,0,0,0,0,0,0,0,0,0,
SAI-ASSET17010093,0,0,0,0,0,0,0,0,0,0,0,0,0,0,0,0,0,
SAI-ASSET17010094,0,0,0,0,0,0,0,0,0,0,0,0,0,0,0,0,0,NULL
SAI-ASSET17010099,0,0,0,0,0,0,0,0,0,0,0,0,0,73,0,0,0, 
SAI-ASSET17010109,0,0,0,0,0,0,0,0,0,0,0,0,0,0,0,0,0,
SAI-ASSET17010110,0,0,0,0,0,0,0,0,0,0,0,0,0,0,0,0,0, 
SAI-ASSET17010112,0,0,0,0,0,0,0,0,0,0,0,0,0,0,0,0,0,
SAI-ASSET17010113,0,0,0,0,0,0,0,0,0,0,0,0,0,0,0,0,0, 
SAI-ASSET17010114,0,0,0,0,0,0,0,0,0,0,0,0,0,0,0,0,0,
SAI-ASSET17010118,0,0,0,0,0,0,0,0,0,0,0,0,0,0,0,0,0,
SAI-ASSET17010119,0,0,0,0,0,0,0,0,0,0,0,0,0,0,0,0,0,
SAI-ASSET17010120,59,47,0,0,31,0,0,0,0,0,0,0,0,71,0,0,0, 
SAI-ASSET17010126,0,0,0,0,0,0,0,0,0,0,0,0,0,0,0,0,0,
SAI-ASSET17010129,0,0,0,0,0,0,0,0,0,0,0,0,0,0,0,0,0,NULL
SAI-ASSET17010130,0,0,0,0,0,0,0,0,0,0,0,0,0,0,0,0,0,
SAI-ASSET17010133,0,0,0,0,0,0,0,0,0,0,0,0,0,0,0,0,0, 
SAI-ASSET17010144,57,47,33,38,30,6,11,0,0,0,0,0,0,71,0,0,0, 
SAI-ASSET17010145,0,0,0,0,0,0,0,0,0,0,0,0,0,0,0,0,0,
SAI-ASSET17010147,0,0,0,0,0,0,0,0,0,0,0,0,0,0,0,0,0,
SAI-ASSET17010148,0,0,0,0,0,0,0,0,0,0,0,0,0,0,0,0,0,
SAI-ASSET17010155,0,0,0,0,0,0,0,0,0,0,0,0,0,0,0,0,0,
SAI-ASSET17010159,0,0,0,0,0,0,0,0,0,0,0,0,0,0,0,0,0,
SAI-ASSET17010168,0,0,0,0,0,0,0,0,0,0,0,0,0,0,0,0,0,
SAI-ASSET17010169,0,0,0,0,0,0,0,0,0,0,0,0,0,0,0,0,0,NULL
SAI-ASSET17010178,0,0,0,0,0,0,0,0,0,0,0,0,0,0,0,0,0,
SAI-ASSET17010180,0,0,0,0,0,0,0,0,0,0,0,0,0,0,0,0,0,
SAI-ASSET17010186,0,0,0,0,0,0,0,0,0,0,0,0,0,0,0,0,0,NULL
SAI-ASSET17010197,0,0,0,0,0,0,0,0,0,0,0,0,0,0,0,0,0,NULL
SAI-ASSET17010201,0,0,0,0,0,0,0,0,0,0,0,0,0,0,0,0,0,
SAI-ASSET17010209,0,0,0,0,0,0,0,0,0,0,0,0,0,0,0,0,0,
SAI-ASSET17010211,0,0,0,0,0,0,0,0,0,0,0,0,0,0,0,0,0,
SAI-ASSET17010216,0,0,0,0,0,0,0,0,0,0,0,0,0,0,0,0,0,
SAI-ASSET17010219,0,0,0,0,0,0,0,0,0,0,0,0,0,0,0,0,0,
SAI-ASSET17010142,0,0,0,0,0,0,0,0,0,0,0,0,0,0,0,0,0,
SAI-ASSET17010151,0,0,0,0,0,0,0,0,0,0,0,0,0,0,0,0,0,
SAI-ASSET17010212,0,0,0,0,0,0,0,0,0,0,0,0,0,0,0,0,0,
SAI-ASSET17010213,0,0,0,0,0,0,0,0,0,0,0,0,0,0,0,0,0,
SAI-ASSET17010232,0,0,0,0,0,0,0,0,0,0,0,0,0,0,0,0,0,
SAI-ASSET17010233,0,0,0,0,0,0,0,0,0,0,0,0,0,0,0,0,0,
SAI-ASSET17010235,0,0,0,0,0,0,0,0,0,0,0,0,0,0,0,0,0,
SAI-ASSET17010238,0,0,0,0,0,0,0,0,0,0,0,0,0,0,0,0,0,
SAI-ASSET17010242,0,0,0,0,0,0,0,0,0,0,0,0,0,0,0,0,0,
SAI-ASSET17010245,0,0,0,0,0,0,0,0,0,0,0,0,0,0,0,0,0,
SAI-ASSET17010246,0,0,0,0,0,0,0,0,0,0,0,0,0,0,0,0,0,
SAI-ASSET17010248,0,0,0,0,0,0,0,0,0,0,0,0,0,0,0,0,0,
SAI-ASSET17010249,0,0,0,0,0,0,0,0,0,0,0,0,0,0,0,0,0,
SAI-ASSET17010252,0,0,0,0,0,0,0,0,0,0,0,0,0,0,0,0,0,NULL
SAI-ASSET17010253,0,0,0,0,0,0,0,0,0,0,0,0,0,0,0,0,0,
SAI-ASSET17010254,0,0,0,0,0,0,0,0,0,0,0,0,0,0,0,0,0,
SAI-ASSET17010255,0,0,0,0,0,0,0,0,0,0,0,0,0,0,0,0,0,
SAI-ASSET17010256,0,0,0,0,0,0,0,0,0,0,0,0,0,0,0,0,0,
SAI-ASSET17010259,0,0,0,0,0,0,0,0,0,0,0,0,0,0,0,0,0,
SAI-ASSET17010263,0,0,0,0,0,0,0,0,0,0,0,0,0,0,0,0,0,
SAI-ASSET17010264,0,0,0,0,0,0,0,0,0,0,0,0,0,0,0,0,0,
SAI-ASSET17010268,0,0,0,0,0,0,0,0,0,0,0,0,0,0,0,0,0,
SAI-ASSET17010269,0,0,0,0,0,0,0,0,0,0,0,0,0,0,0,0,0,
SAI-ASSET17010270,0,0,0,0,0,0,0,0,0,0,0,0,0,0,0,0,0,
SAI-ASSET17010272,0,0,0,0,0,0,0,0,0,0,0,0,0,0,0,0,0,
SAI-ASSET17010276,0,0,0,0,0,0,0,0,0,0,0,0,0,0,0,0,0,NULL
SAI-ASSET17010277,0,0,0,0,0,0,0,0,0,0,0,0,0,0,0,0,0,NULL
SAI-ASSET17010282,0,0,0,0,0,0,0,0,0,0,0,0,0,0,0,0,0,
SAI-ASSET17010283,0,0,0,0,0,0,0,0,0,0,0,0,0,0,0,0,0,
SAI-ASSET17010284,0,0,0,0,0,0,0,0,0,0,0,0,0,0,0,0,0,
SAI-ASSET17010288,0,0,0,0,0,0,0,0,0,0,0,0,0,0,0,0,0,
SAI-ASSET17010289,0,0,0,0,0,0,0,0,0,0,0,0,0,0,0,0,0,
SAI-ASSET17010291,0,0,0,0,0,0,0,0,0,0,0,0,0,0,0,0,0, 
SAI-ASSET17010293,0,0,0,0,0,0,0,0,0,0,0,0,0,0,0,0,0,
SAI-ASSET17010294,0,0,0,0,0,0,0,0,0,0,0,0,0,0,0,0,0,
SAI-ASSET17010295,0,0,0,0,0,0,0,0,0,0,0,0,0,0,0,0,0,
SAI-ASSET17010299,0,0,0,0,0,0,0,0,0,0,0,0,0,0,0,0,0,
SAI-ASSET17010300,0,0,0,0,0,0,0,0,0,0,0,0,0,0,0,0,0,
SAI-ASSET17010154,0,0,0,0,0,0,0,0,0,0,0,0,0,0,0,0,0,
SAI-ASSET17010161,0,0,0,0,0,0,0,0,0,0,0,0,0,0,0,0,0, 
SAI-ASSET17010171,0,0,0,0,0,0,0,0,0,0,0,0,0,0,0,0,0,NULL
SAI-ASSET17010173,0,0,0,0,0,0,0,0,0,0,0,0,0,0,0,0,0,
SAI-ASSET17010183,0,0,0,0,0,0,0,0,0,0,0,0,0,0,0,0,0,
SAI-ASSET17010184,0,0,0,0,0,0,0,0,0,0,0,0,0,0,0,0,0,
SAI-ASSET17010196,0,0,0,0,0,0,0,0,0,0,0,0,0,0,0,0,0,NULL
SAI-ASSET17010258,0,0,0,0,0,0,0,0,0,0,0,0,0,0,0,0,0,
SAI-ASSET17010275,0,0,0,0,0,0,0,0,0,0,0,0,0,0,0,0,0,NULL
SAI-ASSET17010279,0,0,0,0,0,0,0,0,0,0,0,0,0,0,0,0,0,
SAI-ASSET17010296,0,0,0,0,0,0,0,0,0,0,0,0,0,0,0,0,0,NULL
SAI-ASSET17010297,0,0,0,0,0,0,0,0,0,0,0,0,0,0,0,0,0,
SAI-ASSET17010218,0,0,0,0,0,0,0,0,0,0,0,0,0,0,0,0,0,
SAI-ASSET17010230,0,0,0,0,0,0,0,0,0,0,0,0,0,0,0,0,0,
SAI-ASSET17010271,0,0,0,0,0,0,0,0,0,0,0,0,0,0,0,0,0,
SAI-ASSET17010273,0,0,0,0,0,0,0,0,0,0,0,0,0,0,0,0,0,
SAI-ASSET17010274,0,0,0,0,0,0,0,0,0,0,0,0,0,0,0,0,0,
SAI-ASSET17010298,0,0,0,0,0,0,0,0,0,0,0,0,0,0,0,0,0,
SAI-ASSET17010250,0,0,0,0,0,0,0,0,0,0,0,0,0,0,0,0,0,
SAI-ASSET17010262,0,0,0,0,0,0,0,0,0,0,0,0,0,0,0,0,0,
SAI-ASSET17010265,0,0,0,0,0,0,0,0,0,0,0,0,0,0,0,0,0,
SAI-ASSET17010266,0,0,0,0,0,0,0,0,0,0,0,0,0,0,0,0,0,NULL
SAI-ASSET17010267,0,0,0,0,0,0,0,0,0,0,0,0,0,0,0,0,0,
SAI-ASSET17010278,0,0,0,0,0,0,0,0,0,0,0,0,0,0,0,0,0,
SAI-ASSET17010280,0,0,0,0,0,0,0,0,0,0,0,0,0,0,0,0,0,
SAI-ASSET17010285,0,0,0,0,0,0,0,0,0,0,0,0,0,0,0,0,0,
SAI-ASSET17010286,0,0,0,0,0,0,0,0,0,0,0,0,0,0,0,0,0,
SAI-ASSET17010287,59,50,0,0,31,0,0,0,0,0,0,0,0,71,0,0,0,
SAI-ASSET17010290,0,0,0,0,0,0,0,0,0,0,0,0,0,0,0,0,0,
SAI-ASSET17010302,0,0,0,0,0,0,0,0,0,0,0,0,0,0,0,0,0,
SAI-ASSET17010303,0,0,0,0,0,0,0,0,0,0,0,0,0,0,0,0,0,NULL
SAI-ASSET17010251,0,0,0,0,0,0,0,0,0,0,0,0,0,0,0,0,0,NULL
SAI-ASSET17010257,0,0,0,0,0,0,0,0,0,0,0,0,0,0,0,0,0,
SAI-ASSET17010260,0,0,0,0,0,0,0,0,0,0,0,0,0,0,0,0,0,
SAI-ASSET17010261,0,0,0,0,0,0,0,0,0,0,0,0,0,0,0,0,0,
SAI-ASSET17010281,0,0,0,0,0,0,0,0,0,0,0,0,0,0,0,0,0,NULL
SAI-ASSET17010292,0,0,0,0,0,0,0,0,0,0,0,0,0,0,0,0,0,
SAI-ASSET17010301,0,0,0,0,0,0,0,0,0,0,0,0,0,0,0,0,0,NULL
SAI-ASSET17010304,0,0,0,0,0,0,0,0,0,0,0,0,0,0,0,0,0,
SAI-ASSET17020001,0,0,0,0,0,0,0,0,0,0,0,0,0,0,0,0,0,NULL
SAI-ASSET17020002,0,0,0,0,0,0,0,0,0,0,0,0,0,0,0,0,0,
SAI-ASSET17020003,0,0,0,0,0,0,0,0,0,0,0,0,0,0,0,0,0,
SAI-ASSET17020004,0,0,0,0,0,0,0,0,0,0,0,0,0,0,0,0,0,
SAI-ASSET17020005,0,0,0,0,0,0,0,0,0,0,0,0,0,0,0,0,0,
SAI-ASSET17020006,0,0,0,0,0,0,0,0,0,0,0,0,0,0,0,0,0,
SAI-ASSET17020008,0,0,0,0,0,0,0,0,0,0,0,0,0,0,0,0,0,NULL
SAI-ASSET17020009,0,0,0,0,0,0,0,0,0,0,0,0,0,0,0,0,0,
SAI-ASSET17030001,0,0,0,0,0,0,0,0,0,0,0,0,0,0,0,0,0,NULL
SAI-ASSET17030002,0,0,0,0,0,0,0,0,0,0,0,0,0,0,0,0,0,NULL
SAI-ASSET17010305,0,0,0,0,0,0,0,0,0,0,0,0,0,0,0,0,0,
SAI-ASSET17030003,0,0,0,0,0,0,0,0,0,0,0,0,0,0,0,0,0,NULL
SAI-ASSET17020007,0,0,0,0,0,0,0,0,0,0,0,0,0,0,0,0,0,NULL
SAI-ASSET17020010,0,0,0,0,0,0,0,0,0,0,0,0,0,0,0,0,0,NULL
SAI-ASSET17030004,0,0,0,0,0,0,0,0,0,0,0,0,0,0,0,0,0,NULL
SAI-ASSET17030007,0,0,0,0,0,0,0,0,0,0,0,0,0,0,0,0,0,NULL
SAI-ASSET17030005,0,0,0,0,0,0,0,0,0,0,0,0,0,0,0,0,0,NULL
SAI-ASSET17030006,0,0,0,0,0,0,0,0,0,0,0,0,0,0,0,0,0,NULL
SAI-ASSET17040001,0,0,0,0,0,0,0,0,0,0,0,0,0,0,0,0,0,NULL
SAI-ASSET17040002,0,0,0,0,0,0,0,0,0,0,0,0,0,0,0,0,0,NULL
SAI-ASSET17040003,0,0,0,0,0,0,0,0,0,0,0,0,0,0,0,0,0,NULL
SAI-ASSET17100015,0,0,0,0,0,0,0,0,0,0,0,0,0,70,77,85,83,
