1,1,1,2014-08-04 00:00:00,2014-08-04 00:00:00,3,NULL,240,2
2,2,1,2014-08-04 00:00:00,2014-08-04 00:00:00,3,NULL,240,2
3,3,1,2014-08-04 00:00:00,2014-08-04 00:00:00,3,NULL,240,2
4,4,1,2014-08-04 00:00:00,2014-08-04 00:00:00,3,NULL,240,2
5,5,1,2014-08-04 00:00:00,2014-08-04 00:00:00,3,NULL,240,2
6,6,1,2014-08-04 00:00:00,2014-08-04 00:00:00,3,NULL,240,2
7,7,1,2014-08-04 00:00:00,2014-08-04 00:00:00,3,NULL,240,2
8,8,1,2014-08-04 00:00:00,2014-08-04 00:00:00,3,NULL,240,2
9,9,1,2014-08-04 00:00:00,2014-08-04 00:00:00,3,NULL,240,2
10,10,1,2014-08-04 00:00:00,2014-08-04 00:00:00,3,NULL,240,2
11,11,1,2014-08-04 00:00:00,2014-08-04 00:00:00,3,NULL,240,2
12,12,1,2014-08-04 00:00:00,2014-08-04 00:00:00,3,NULL,240,2
13,13,1,2014-11-01 00:00:00,2014-11-01 00:00:00,3,NULL,240,2
14,14,1,2014-12-09 00:00:00,2014-12-09 00:00:00,3,NULL,240,2
15,15,1,2014-08-04 00:00:00,2014-08-04 00:00:00,3,NULL,96,2
16,16,1,2014-08-04 00:00:00,2014-08-04 00:00:00,3,NULL,96,2
17,17,1,2014-08-04 00:00:00,2014-08-04 00:00:00,3,NULL,96,2
18,18,1,2014-08-04 00:00:00,2014-08-04 00:00:00,3,NULL,96,2
19,19,1,2014-08-04 00:00:00,2014-08-04 00:00:00,3,NULL,96,2
20,20,1,2014-08-04 00:00:00,2014-08-04 00:00:00,3,NULL,96,2
21,21,1,2014-08-04 00:00:00,2014-08-04 00:00:00,3,NULL,96,2
22,22,1,2014-08-04 00:00:00,2014-08-04 00:00:00,3,NULL,96,2
23,23,1,2014-08-04 00:00:00,2014-08-04 00:00:00,3,NULL,96,2
24,24,1,2014-08-04 00:00:00,2014-08-04 00:00:00,3,NULL,96,2
25,25,1,2014-08-04 00:00:00,2014-08-04 00:00:00,3,NULL,96,2
26,26,1,2014-08-04 00:00:00,2014-08-04 00:00:00,3,NULL,96,2
27,27,1,2014-08-04 00:00:00,2014-08-04 00:00:00,3,NULL,96,2
28,28,1,2014-08-04 00:00:00,2014-08-04 00:00:00,3,NULL,96,2
29,29,1,2014-08-04 00:00:00,2014-08-04 00:00:00,3,NULL,96,2
30,30,1,2014-08-04 00:00:00,2014-08-04 00:00:00,3,NULL,96,2
31,31,1,2014-08-04 00:00:00,2014-08-04 00:00:00,3,NULL,96,2
32,32,1,2014-08-04 00:00:00,2014-08-04 00:00:00,3,NULL,96,2
33,33,1,2014-08-04 00:00:00,2014-08-04 00:00:00,3,NULL,96,2
34,34,1,2014-08-04 00:00:00,2014-08-04 00:00:00,3,NULL,96,2
35,35,1,2014-08-04 00:00:00,2014-08-04 00:00:00,3,NULL,96,2
36,36,1,2014-08-04 00:00:00,2014-08-04 00:00:00,3,NULL,96,2
37,37,1,2014-08-04 00:00:00,2014-08-04 00:00:00,3,NULL,96,2
38,38,1,2014-08-04 00:00:00,2014-08-04 00:00:00,3,NULL,96,2
39,39,1,2014-08-04 00:00:00,2014-08-04 00:00:00,3,NULL,96,2
40,40,1,2014-08-04 00:00:00,2014-08-04 00:00:00,3,NULL,96,2
41,41,1,2014-08-04 00:00:00,2014-08-04 00:00:00,3,NULL,96,2
42,42,1,2014-08-04 00:00:00,2014-08-04 00:00:00,3,NULL,96,2
43,43,1,2014-08-04 00:00:00,2014-08-04 00:00:00,3,NULL,96,2
44,44,1,2014-08-04 00:00:00,2014-08-04 00:00:00,3,NULL,96,2
45,45,1,2014-08-04 00:00:00,2014-08-04 00:00:00,3,NULL,96,2
46,46,1,2014-08-04 00:00:00,2014-08-04 00:00:00,3,NULL,96,2
48,48,1,2014-08-04 00:00:00,2014-08-04 00:00:00,3,NULL,96,2
49,49,1,2014-08-04 00:00:00,2014-08-04 00:00:00,3,NULL,96,2
50,50,1,2014-08-04 00:00:00,2014-08-04 00:00:00,3,NULL,96,2
51,51,1,2014-08-04 00:00:00,2014-08-04 00:00:00,3,NULL,96,2
52,52,1,2014-08-04 00:00:00,2014-08-04 00:00:00,3,NULL,96,2
53,53,1,2014-08-04 00:00:00,2014-08-04 00:00:00,3,NULL,96,2
54,54,1,2014-08-04 00:00:00,2014-08-04 00:00:00,3,NULL,96,2
55,55,1,2014-10-21 00:00:00,2014-10-21 00:00:00,3,NULL,96,2
56,56,1,2014-11-05 00:00:00,2014-11-05 00:00:00,3,NULL,96,2
57,57,1,2014-11-03 00:00:00,2014-11-03 00:00:00,3,NULL,96,2
58,58,1,2014-12-09 00:00:00,2014-12-09 00:00:00,3,NULL,96,2
59,59,1,2014-12-24 00:00:00,2014-12-24 00:00:00,3,NULL,48,2
60,60,1,2014-12-17 00:00:00,2014-12-17 00:00:00,3,NULL,48,2
61,61,1,2014-12-18 00:00:00,2014-12-18 00:00:00,3,NULL,48,2
62,62,1,2014-11-27 00:00:00,2014-11-27 00:00:00,3,NULL,48,2
63,63,1,2014-12-08 00:00:00,2014-12-08 00:00:00,3,NULL,48,2
64,64,1,2014-08-04 00:00:00,2014-08-04 00:00:00,3,NULL,96,2
65,65,1,2014-08-04 00:00:00,2014-08-04 00:00:00,3,NULL,96,2
66,66,1,2014-08-04 00:00:00,2014-08-04 00:00:00,3,NULL,96,2
67,67,1,2014-08-04 00:00:00,2014-08-04 00:00:00,3,NULL,96,2
68,68,1,2014-08-04 00:00:00,2014-08-04 00:00:00,3,NULL,96,2
70,70,1,2014-08-04 00:00:00,2014-08-04 00:00:00,3,NULL,96,2
71,71,1,2014-08-04 00:00:00,2014-08-04 00:00:00,3,NULL,96,2
72,72,1,2014-08-04 00:00:00,2014-08-04 00:00:00,3,NULL,96,2
73,73,1,2014-08-04 00:00:00,2014-08-04 00:00:00,3,NULL,96,2
74,74,1,2014-08-04 00:00:00,2014-08-04 00:00:00,3,NULL,96,2
75,75,1,2014-08-04 00:00:00,2014-08-04 00:00:00,3,NULL,96,2
76,76,1,2014-08-04 00:00:00,2014-08-04 00:00:00,3,NULL,96,2
77,77,1,2014-08-04 00:00:00,2014-08-04 00:00:00,3,NULL,96,2
78,78,1,2014-08-04 00:00:00,2014-08-04 00:00:00,3,NULL,96,2
79,79,1,2014-08-04 00:00:00,2014-08-04 00:00:00,3,NULL,96,2
80,80,1,2014-08-04 00:00:00,2014-08-04 00:00:00,3,NULL,96,2
81,81,1,2014-08-04 00:00:00,2014-08-04 00:00:00,3,NULL,96,2
82,82,1,2014-08-04 00:00:00,2014-08-04 00:00:00,3,NULL,96,2
83,83,1,2014-08-04 00:00:00,2014-08-04 00:00:00,3,NULL,96,2
84,84,1,2014-08-04 00:00:00,2014-08-04 00:00:00,3,NULL,96,2
85,85,1,2014-08-04 00:00:00,2014-08-04 00:00:00,3,NULL,96,2
86,86,1,2014-08-04 00:00:00,2014-08-04 00:00:00,3,NULL,96,2
87,87,1,2014-08-04 00:00:00,2014-08-04 00:00:00,3,NULL,96,2
88,88,1,2014-08-04 00:00:00,2014-08-04 00:00:00,3,NULL,96,2
89,89,1,2014-08-04 00:00:00,2014-08-04 00:00:00,3,NULL,96,2
90,90,1,2014-08-04 00:00:00,2014-08-04 00:00:00,3,NULL,96,2
91,91,1,2014-08-04 00:00:00,2014-08-04 00:00:00,3,NULL,96,2
92,92,1,2014-08-04 00:00:00,2014-08-04 00:00:00,3,NULL,96,2
93,93,1,2014-08-04 00:00:00,2014-08-04 00:00:00,3,NULL,96,2
96,96,1,2014-10-01 00:00:00,2014-10-01 00:00:00,3,NULL,96,2
97,97,1,2014-10-01 00:00:00,2014-10-01 00:00:00,3,NULL,96,2
98,98,1,2014-10-01 00:00:00,2014-10-01 00:00:00,3,NULL,96,2
102,102,1,2014-08-04 00:00:00,2014-08-04 00:00:00,3,NULL,96,2
103,103,1,2014-08-04 00:00:00,2014-08-04 00:00:00,3,NULL,96,3
104,104,1,2014-08-04 00:00:00,2014-08-04 00:00:00,3,NULL,96,2
105,105,1,2014-08-04 00:00:00,2014-08-04 00:00:00,3,NULL,96,2
106,106,1,2014-08-04 00:00:00,2014-08-04 00:00:00,3,NULL,96,2
107,107,1,2014-08-04 00:00:00,2014-08-04 00:00:00,3,NULL,96,2
108,108,1,2014-08-04 00:00:00,2014-08-04 00:00:00,3,NULL,96,2
109,109,1,2014-08-04 00:00:00,2014-08-04 00:00:00,3,NULL,96,2
69,69,1,2014-08-04 00:00:00,2014-08-04 00:00:00,3,NULL,96,2
110,110,1,2014-08-04 00:00:00,2014-08-04 00:00:00,3,NULL,96,2
111,111,1,2014-08-04 00:00:00,2014-08-04 00:00:00,3,NULL,96,2
112,112,1,2014-08-04 00:00:00,2014-08-04 00:00:00,3,NULL,96,2
113,113,1,2014-08-04 00:00:00,2014-08-04 00:00:00,3,NULL,96,2
114,114,1,2014-08-04 00:00:00,2014-08-04 00:00:00,3,NULL,96,2
115,115,1,2014-08-04 00:00:00,2014-08-04 00:00:00,3,NULL,96,2
116,116,1,2014-08-04 00:00:00,2014-08-04 00:00:00,3,NULL,96,2
117,117,1,2014-08-04 00:00:00,2014-08-04 00:00:00,3,NULL,96,2
118,118,1,2014-08-04 00:00:00,2014-08-04 00:00:00,3,NULL,96,2
119,119,1,2014-08-04 00:00:00,2014-08-04 00:00:00,3,NULL,96,2
120,120,1,2014-08-04 00:00:00,2014-08-04 00:00:00,3,NULL,96,2
121,121,1,2014-08-04 00:00:00,2014-08-04 00:00:00,3,NULL,96,2
122,122,1,2014-08-04 00:00:00,2014-08-04 00:00:00,3,NULL,96,2
123,123,1,2014-08-04 00:00:00,2014-08-04 00:00:00,3,NULL,96,2
124,124,1,2014-08-04 00:00:00,2014-08-04 00:00:00,3,NULL,96,2
125,125,1,2014-08-04 00:00:00,2014-08-04 00:00:00,3,NULL,96,2
126,126,1,2014-08-04 00:00:00,2014-08-04 00:00:00,3,NULL,96,2
127,127,1,2014-08-04 00:00:00,2014-08-04 00:00:00,3,NULL,96,2
128,128,1,2014-08-04 00:00:00,2014-08-04 00:00:00,3,NULL,96,2
129,129,1,2014-08-04 00:00:00,2014-08-04 00:00:00,3,NULL,96,2
130,130,1,2014-08-04 00:00:00,2014-08-04 00:00:00,3,NULL,96,2
131,131,1,2014-08-04 00:00:00,2014-08-04 00:00:00,3,NULL,96,2
132,132,1,2014-08-04 00:00:00,2014-08-04 00:00:00,3,NULL,96,2
133,133,1,2014-08-04 00:00:00,2014-08-04 00:00:00,3,NULL,96,2
134,134,1,2014-08-04 00:00:00,2014-08-04 00:00:00,3,NULL,96,2
135,135,1,2014-08-04 00:00:00,2014-08-04 00:00:00,3,NULL,96,2
136,136,1,2014-08-04 00:00:00,2014-08-04 00:00:00,3,NULL,96,2
137,137,1,2014-08-04 00:00:00,2014-08-04 00:00:00,3,NULL,96,2
138,138,1,2014-08-04 00:00:00,2014-08-04 00:00:00,3,NULL,96,2
139,139,1,2014-08-04 00:00:00,2014-08-04 00:00:00,3,NULL,96,2
140,140,1,2014-08-04 00:00:00,2014-08-04 00:00:00,3,NULL,96,2
141,141,1,2014-08-04 00:00:00,2014-08-04 00:00:00,3,NULL,96,2
142,142,1,2014-08-04 00:00:00,2014-08-04 00:00:00,3,NULL,96,2
143,143,1,2014-08-04 00:00:00,2014-08-04 00:00:00,3,NULL,96,2
144,144,1,2014-08-04 00:00:00,2014-08-04 00:00:00,3,NULL,96,2
145,145,1,2014-08-04 00:00:00,2014-08-04 00:00:00,3,NULL,96,2
146,146,1,2014-08-04 00:00:00,2014-08-04 00:00:00,3,NULL,96,2
147,147,1,2014-08-04 00:00:00,2014-08-04 00:00:00,3,NULL,96,2
148,148,1,2014-08-04 00:00:00,2014-08-04 00:00:00,3,NULL,96,2
149,149,1,2014-08-04 00:00:00,2014-08-04 00:00:00,3,NULL,96,2
150,150,1,2014-08-04 00:00:00,2014-08-04 00:00:00,3,NULL,96,2
151,151,1,2014-08-04 00:00:00,2014-08-04 00:00:00,3,NULL,96,2
152,152,1,2014-08-04 00:00:00,2014-08-04 00:00:00,3,NULL,96,2
153,153,1,2014-08-04 00:00:00,2014-08-04 00:00:00,3,NULL,96,2
154,154,1,2014-08-04 00:00:00,2014-08-04 00:00:00,3,NULL,96,2
155,155,1,2014-08-04 00:00:00,2014-08-04 00:00:00,3,NULL,96,2
156,156,1,2014-08-04 00:00:00,2014-08-04 00:00:00,3,NULL,96,2
157,157,1,2014-08-04 00:00:00,2014-08-04 00:00:00,3,NULL,96,2
158,158,1,2014-08-04 00:00:00,2014-08-04 00:00:00,3,NULL,96,2
159,159,1,2014-08-04 00:00:00,2014-08-04 00:00:00,3,NULL,96,2
160,160,1,2014-08-04 00:00:00,2014-08-04 00:00:00,3,NULL,96,2
161,161,1,2014-08-04 00:00:00,2014-08-04 00:00:00,3,NULL,96,2
162,162,1,2014-08-04 00:00:00,2014-08-04 00:00:00,3,NULL,96,2
163,163,1,2014-08-04 00:00:00,2014-08-04 00:00:00,3,NULL,96,2
164,164,1,2014-08-04 00:00:00,2014-08-04 00:00:00,3,NULL,96,2
165,165,1,2014-08-04 00:00:00,2014-08-04 00:00:00,3,NULL,96,2
166,166,1,2014-08-04 00:00:00,2014-08-04 00:00:00,3,NULL,96,2
167,167,1,2014-08-04 00:00:00,2014-08-04 00:00:00,3,NULL,96,2
168,168,1,2014-08-04 00:00:00,2014-08-04 00:00:00,3,NULL,96,2
169,169,1,2014-08-04 00:00:00,2014-08-04 00:00:00,3,NULL,96,2
170,170,1,2014-08-04 00:00:00,2014-08-04 00:00:00,3,NULL,96,2
171,171,1,2014-08-04 00:00:00,2014-08-04 00:00:00,3,NULL,96,2
172,172,1,2014-08-04 00:00:00,2014-08-04 00:00:00,3,NULL,96,2
173,173,1,2014-08-04 00:00:00,2014-08-04 00:00:00,3,NULL,96,2
174,174,1,2014-08-04 00:00:00,2014-08-04 00:00:00,3,NULL,96,2
175,175,1,2014-08-04 00:00:00,2014-08-04 00:00:00,3,NULL,96,2
176,176,1,2014-08-04 00:00:00,2014-08-04 00:00:00,3,NULL,96,2
177,177,1,2014-08-04 00:00:00,2014-08-04 00:00:00,3,NULL,96,2
178,178,1,2014-08-04 00:00:00,2014-08-04 00:00:00,3,NULL,96,2
179,179,1,2014-08-04 00:00:00,2014-08-04 00:00:00,3,NULL,96,2
180,180,1,2014-08-04 00:00:00,2014-08-04 00:00:00,3,NULL,96,2
181,181,1,2014-08-04 00:00:00,2014-08-04 00:00:00,3,NULL,96,2
182,182,1,2014-08-04 00:00:00,2014-08-04 00:00:00,3,NULL,96,2
183,183,1,2014-08-04 00:00:00,2014-08-04 00:00:00,3,NULL,96,2
184,184,1,2014-08-04 00:00:00,2014-08-04 00:00:00,3,NULL,96,2
185,185,1,2014-08-04 00:00:00,2014-08-04 00:00:00,3,NULL,96,2
186,186,1,2014-08-04 00:00:00,2014-08-04 00:00:00,3,NULL,96,2
187,187,1,2014-08-04 00:00:00,2014-08-04 00:00:00,3,NULL,96,2
188,188,1,2014-08-04 00:00:00,2014-08-04 00:00:00,3,NULL,96,2
189,189,1,2014-08-04 00:00:00,2014-08-04 00:00:00,3,NULL,96,2
190,190,1,2014-08-04 00:00:00,2014-08-04 00:00:00,3,NULL,96,2
191,191,1,2014-08-04 00:00:00,2014-08-04 00:00:00,3,NULL,96,2
192,192,1,2014-08-04 00:00:00,2014-08-04 00:00:00,3,NULL,96,2
193,193,1,2014-08-04 00:00:00,2014-08-04 00:00:00,3,NULL,96,2
194,194,1,2014-08-04 00:00:00,2014-08-04 00:00:00,3,NULL,96,2
195,195,1,2014-08-04 00:00:00,2014-08-04 00:00:00,3,NULL,96,2
196,196,1,2014-08-04 00:00:00,2014-08-04 00:00:00,3,NULL,96,2
197,197,1,2014-08-04 00:00:00,2014-08-04 00:00:00,3,NULL,96,2
198,198,1,2014-08-04 00:00:00,2014-08-04 00:00:00,3,NULL,96,2
199,199,1,2014-08-04 00:00:00,2014-08-04 00:00:00,3,NULL,96,2
200,200,1,2014-08-04 00:00:00,2014-08-04 00:00:00,3,NULL,96,2
201,201,1,2014-08-04 00:00:00,2014-08-04 00:00:00,3,NULL,96,2
202,202,1,2014-08-04 00:00:00,2014-08-04 00:00:00,3,NULL,96,2
203,203,1,2014-08-04 00:00:00,2014-08-04 00:00:00,3,NULL,96,2
204,204,1,2014-08-04 00:00:00,2014-08-04 00:00:00,3,NULL,96,2
205,205,1,2014-08-04 00:00:00,2014-08-04 00:00:00,3,NULL,96,2
206,206,1,2014-08-04 00:00:00,2014-08-04 00:00:00,3,NULL,96,2
207,207,1,2014-08-04 00:00:00,2014-08-04 00:00:00,3,NULL,96,2
208,208,1,2014-08-04 00:00:00,2014-08-04 00:00:00,3,NULL,96,2
209,209,1,2014-08-04 00:00:00,2014-08-04 00:00:00,3,NULL,96,2
210,210,1,2014-08-04 00:00:00,2014-08-04 00:00:00,3,NULL,96,2
211,211,1,2014-08-04 00:00:00,2014-08-04 00:00:00,3,NULL,96,2
212,212,1,2014-11-19 00:00:00,2014-11-19 00:00:00,3,NULL,48,2
213,213,1,2014-11-19 00:00:00,2014-11-19 00:00:00,3,NULL,48,2
214,214,1,2014-03-12 00:00:00,2014-12-03 00:00:00,3,NULL,48,2
215,215,1,2014-12-17 00:00:00,2014-12-17 00:00:00,3,NULL,48,2
216,216,1,2014-12-10 00:00:00,2014-12-10 00:00:00,3,NULL,48,2
217,217,1,2014-12-10 00:00:00,2014-12-10 00:00:00,3,NULL,48,2
218,218,1,2014-12-10 00:00:00,2014-12-10 00:00:00,3,NULL,48,2
219,219,1,2014-12-10 00:00:00,2014-12-10 00:00:00,3,NULL,48,2
220,220,1,2014-12-10 00:00:00,2014-12-10 00:00:00,3,NULL,48,2
221,221,1,2014-12-16 00:00:00,2014-12-16 00:00:00,3,NULL,48,2
222,222,1,2014-12-10 00:00:00,2014-12-10 00:00:00,3,NULL,48,2
398,394,1,2015-09-30 00:00:00,2015-11-11 00:00:00,NULL,2,48,2
227,227,1,2015-03-23 00:00:00,2015-11-26 00:00:00,NULL,1,48,2
228,228,1,2015-03-23 00:00:00,2015-05-05 00:00:00,NULL,1,48,2
229,229,1,2015-03-24 00:00:00,2015-03-24 00:00:00,NULL,10,48,2
230,230,1,2015-03-24 00:00:00,2015-06-30 00:00:00,NULL,1,240,2
231,231,1,2015-01-15 00:00:00,2015-01-15 00:00:00,NULL,10,48,2
232,232,1,2015-01-06 00:00:00,2015-01-06 00:00:00,NULL,1,48,2
233,233,1,2015-01-13 00:00:00,2015-01-13 00:00:00,NULL,1,48,2
234,234,1,2015-01-27 00:00:00,2015-01-27 00:00:00,NULL,5,48,2
235,235,1,2015-01-09 00:00:00,2015-01-09 00:00:00,NULL,3,48,2
236,236,1,2015-01-29 00:00:00,2015-01-29 00:00:00,NULL,3,48,2
237,237,1,2014-08-04 00:00:00,2014-08-04 00:00:00,NULL,NULL,96,2
238,238,1,2014-08-04 00:00:00,2014-08-04 00:00:00,NULL,NULL,96,2
239,239,1,2014-08-04 00:00:00,2014-08-04 00:00:00,NULL,NULL,96,2
240,240,1,2014-08-04 00:00:00,2014-08-04 00:00:00,NULL,NULL,96,2
241,241,1,2014-08-28 00:00:00,2014-08-28 00:00:00,NULL,NULL,48,2
242,242,1,2014-10-15 00:00:00,2014-10-15 00:00:00,NULL,NULL,48,2
243,243,1,2014-11-21 00:00:00,2014-11-21 00:00:00,NULL,NULL,48,2
244,244,1,2014-11-21 00:00:00,2014-11-21 00:00:00,NULL,NULL,48,2
245,245,1,2014-12-03 00:00:00,2014-12-03 00:00:00,NULL,NULL,48,2
246,246,1,2014-12-12 00:00:00,2014-12-12 00:00:00,NULL,NULL,48,2
260,261,1,2015-03-30 00:00:00,2015-01-08 00:00:00,NULL,11,96,2
296,296,1,2015-03-31 00:00:00,2015-02-03 00:00:00,NULL,1,48,2
297,297,1,2015-03-31 00:00:00,2015-04-17 00:00:00,NULL,10,48,2
263,264,1,2015-03-30 00:00:00,2015-01-20 00:00:00,NULL,11,96,2
264,265,1,2015-03-30 00:00:00,2015-01-24 00:00:00,NULL,11,96,2
265,266,1,2015-03-30 00:00:00,2015-03-03 00:00:00,NULL,11,96,2
266,267,1,2015-03-30 00:00:00,2015-03-04 00:00:00,NULL,11,96,2
267,268,1,2015-03-30 00:00:00,2015-03-11 00:00:00,NULL,11,96,2
268,269,1,2015-03-30 00:00:00,2015-02-16 00:00:00,NULL,1,48,2
269,270,1,2015-03-30 00:00:00,2015-02-16 00:00:00,NULL,1,48,2
270,271,1,2015-03-30 00:00:00,2015-02-04 00:00:00,NULL,1,48,2
271,272,1,2015-03-30 00:00:00,2015-02-03 00:00:00,NULL,1,48,1
272,273,1,2015-03-30 00:00:00,2015-02-09 00:00:00,NULL,4,48,2
273,274,1,2015-03-30 00:00:00,2015-02-18 00:00:00,NULL,1,48,2
274,275,1,2015-03-30 00:00:00,2015-03-03 00:00:00,NULL,4,48,2
275,276,1,2015-03-30 00:00:00,2015-03-24 00:00:00,NULL,1,48,2
276,277,1,2015-03-30 00:00:00,2015-03-06 00:00:00,NULL,11,48,2
277,278,1,2015-03-30 00:00:00,2015-01-30 00:00:00,NULL,10,48,2
374,371,1,2015-09-01 00:00:00,2015-09-28 00:00:00,NULL,1,48,2
301,302,1,2015-04-10 00:00:00,2015-04-10 00:00:00,NULL,1,48,1
305,306,1,2015-04-15 00:00:00,2015-05-06 00:00:00,NULL,1,48,2
306,307,1,2015-04-15 00:00:00,2015-05-06 00:00:00,NULL,10,48,2
282,283,1,2015-03-30 00:00:00,2015-02-27 00:00:00,NULL,10,48,2
283,284,1,2015-03-30 00:00:00,2015-02-27 00:00:00,NULL,10,48,2
307,308,1,2015-04-15 00:00:00,2015-05-20 00:00:00,NULL,10,48,2
308,309,1,2015-02-01 00:00:00,2015-02-01 00:00:00,NULL,5,96,2
309,310,1,2015-04-23 00:00:00,2015-04-13 00:00:00,NULL,11,96,2
352,351,1,2015-07-02 00:00:00,2015-08-11 00:00:00,NULL,10,48,2
288,289,1,2015-03-30 00:00:00,2015-01-21 00:00:00,NULL,11,96,2
289,290,1,2015-03-30 00:00:00,2015-01-21 00:00:00,NULL,11,96,2
290,291,1,2015-03-30 00:00:00,2015-01-21 00:00:00,NULL,11,96,2
291,292,1,2015-03-30 00:00:00,2015-03-10 00:00:00,NULL,10,48,2
292,293,1,2015-03-30 00:00:00,2015-03-17 00:00:00,NULL,11,96,2
312,313,1,2015-04-29 00:00:00,2015-04-24 00:00:00,NULL,11,96,2
316,317,1,2015-04-29 00:00:00,2015-04-29 00:00:00,NULL,11,96,2
317,318,1,2015-05-15 00:00:00,NULL,NULL,1,48,1
318,319,1,2015-05-15 00:00:00,NULL,NULL,1,48,1
319,320,1,2015-05-15 00:00:00,NULL,NULL,1,48,1
320,321,1,2015-05-15 00:00:00,NULL,NULL,11,48,1
321,322,1,2015-04-30 00:00:00,2015-04-30 00:00:00,NULL,1,240,2
322,323,1,2015-05-25 00:00:00,2015-06-11 00:00:00,NULL,10,48,2
323,324,1,2015-05-27 00:00:00,2015-06-12 00:00:00,NULL,10,48,2
324,325,1,2015-05-08 00:00:00,2015-05-08 00:00:00,NULL,11,96,2
325,326,1,2015-05-21 00:00:00,2015-05-21 00:00:00,NULL,11,96,2
326,327,1,2015-05-21 00:00:00,2015-05-21 00:00:00,NULL,11,96,2
327,328,1,2015-05-21 00:00:00,2015-05-21 00:00:00,NULL,11,96,2
328,329,1,2015-05-28 00:00:00,2015-05-28 00:00:00,NULL,11,96,2
329,330,1,2015-05-28 00:00:00,2015-05-28 00:00:00,NULL,1,96,2
330,331,1,2015-04-17 00:00:00,2015-04-17 00:00:00,NULL,1,48,2
331,332,1,2015-04-28 00:00:00,2015-04-28 00:00:00,NULL,1,48,2
332,333,1,2015-05-08 00:00:00,2015-05-08 00:00:00,NULL,1,48,2
333,334,1,2015-05-12 00:00:00,2015-05-12 00:00:00,NULL,11,48,2
334,335,1,2015-05-12 00:00:00,2015-05-12 00:00:00,NULL,1,48,2
335,337,1,2015-06-04 00:00:00,2015-06-12 00:00:00,NULL,10,48,2
336,336,1,2015-06-04 00:00:00,2015-06-12 00:00:00,NULL,10,48,2
337,338,1,2015-03-31 00:00:00,2015-03-31 00:00:00,NULL,NULL,96,2
338,339,1,2015-06-12 00:00:00,2015-07-13 00:00:00,NULL,10,48,2
339,340,1,2015-06-02 00:00:00,2015-06-02 00:00:00,NULL,10,48,1
340,341,1,2015-06-23 00:00:00,2015-07-08 00:00:00,NULL,4,48,2
341,342,1,2015-06-05 00:00:00,2015-06-05 00:00:00,NULL,1,240,2
348,348,1,2015-06-24 00:00:00,2015-06-24 00:00:00,NULL,11,96,2
343,344,1,2015-06-20 00:00:00,2015-06-20 00:00:00,NULL,1,240,2
344,345,1,2015-06-17 00:00:00,2015-06-17 00:00:00,NULL,5,96,2
345,346,1,2015-06-17 00:00:00,2015-06-17 00:00:00,NULL,5,96,2
346,347,1,2015-06-24 00:00:00,2015-06-24 00:00:00,NULL,11,96,2
353,352,1,2015-07-11 00:00:00,2015-08-19 00:00:00,NULL,10,48,2
354,353,1,2015-07-11 00:00:00,NULL,NULL,10,48,1
355,354,1,2015-07-01 00:00:00,2015-07-01 00:00:00,NULL,1,48,2
356,355,1,2015-07-01 00:00:00,2015-07-01 00:00:00,NULL,NULL,96,2
375,372,1,2015-09-01 00:00:00,2015-09-11 00:00:00,NULL,10,48,2
358,356,1,2015-08-06 00:00:00,2015-08-27 00:00:00,NULL,10,48,2
359,357,1,2015-08-13 00:00:00,2015-09-04 00:00:00,NULL,11,48,2
360,358,1,2015-07-01 00:00:00,2015-07-01 00:00:00,NULL,1,48,2
364,362,1,2015-08-24 00:00:00,2015-08-27 00:00:00,NULL,10,48,2
366,364,1,2015-08-26 00:00:00,NULL,NULL,11,48,1
367,365,1,2015-08-26 00:00:00,NULL,NULL,11,48,1
368,366,1,2015-08-26 00:00:00,NULL,NULL,11,48,1
369,367,1,2015-08-26 00:00:00,2015-12-28 00:00:00,NULL,1,48,2
370,368,1,2016-12-05 00:00:00,2016-12-13 00:00:00,NULL,4,48,2
376,373,1,2015-09-01 00:00:00,2015-09-11 00:00:00,NULL,10,48,2
377,374,1,2015-09-03 00:00:00,NULL,NULL,1,48,1
378,375,1,2015-09-09 00:00:00,2015-12-21 00:00:00,NULL,1,240,2
385,381,1,2015-09-14 00:00:00,2015-10-08 00:00:00,NULL,10,48,2
387,383,1,2015-09-16 00:00:00,NULL,NULL,10,48,1
389,385,1,2015-09-21 00:00:00,NULL,NULL,1,48,1
391,387,1,2015-09-10 00:00:00,2015-09-10 00:00:00,NULL,2,96,2
399,395,1,2015-09-30 00:00:00,2015-10-08 00:00:00,NULL,10,48,2
400,396,1,2015-09-30 00:00:00,2015-08-09 00:00:00,NULL,10,48,2
402,398,1,2015-10-05 00:00:00,NULL,NULL,10,48,1
403,399,1,2015-10-15 00:00:00,2015-10-30 00:00:00,NULL,7,48,2
404,400,1,2015-10-15 00:00:00,NULL,NULL,11,240,1
405,401,1,2015-10-23 00:00:00,NULL,NULL,4,48,1
406,402,1,2015-10-23 00:00:00,2015-11-10 00:00:00,NULL,5,48,2
407,403,1,2015-10-26 00:00:00,2015-10-30 00:00:00,NULL,1,48,2
408,404,1,2015-10-28 00:00:00,2015-10-28 00:00:00,NULL,11,96,2
409,405,1,2015-10-30 00:00:00,2015-11-30 00:00:00,NULL,5,48,1
410,406,1,2015-10-30 00:00:00,2015-10-30 00:00:00,NULL,11,48,2
411,407,1,2015-10-02 00:00:00,2015-10-10 00:00:00,NULL,1,48,2
412,408,1,2015-10-02 00:00:00,2015-10-10 00:00:00,NULL,1,48,2
413,409,1,2015-10-09 00:00:00,2015-10-09 00:00:00,NULL,1,48,2
414,410,1,2015-11-02 00:00:00,2016-02-01 00:00:00,NULL,1,96,2
417,413,1,2015-11-12 00:00:00,2015-11-26 00:00:00,NULL,11,48,2
418,414,1,2016-12-15 00:00:00,2016-12-15 00:00:00,NULL,5,48,2
419,415,1,2015-11-16 00:00:00,2016-01-22 00:00:00,NULL,1,48,2
420,416,1,2015-11-18 00:00:00,NULL,NULL,10,48,1
421,417,1,2015-11-25 00:00:00,NULL,NULL,11,96,1
422,418,1,2015-12-02 00:00:00,NULL,NULL,1,48,1
423,419,1,2015-12-04 00:00:00,2015-12-31 00:00:00,NULL,11,48,2
424,420,1,2014-08-04 00:00:00,2014-08-04 00:00:00,NULL,1,96,2
426,422,1,2015-11-25 00:00:00,2015-11-25 00:00:00,NULL,1,240,2
427,423,1,2015-12-14 00:00:00,NULL,NULL,1,240,1
428,424,1,2015-12-17 00:00:00,2016-01-27 00:00:00,NULL,12,48,2
430,426,1,2015-12-08 00:00:00,2015-12-08 00:00:00,NULL,2,96,2
431,427,1,2015-12-11 00:00:00,2015-12-11 00:00:00,NULL,11,96,2
432,428,1,2015-12-15 00:00:00,2015-12-15 00:00:00,NULL,11,96,2
433,429,1,2015-12-22 00:00:00,2015-12-22 00:00:00,NULL,11,96,2
437,433,1,2016-01-18 00:00:00,2016-10-05 00:00:00,NULL,5,240,2
439,435,1,2016-01-22 00:00:00,NULL,NULL,2,48,1
441,437,1,2016-01-01 00:00:00,2016-01-22 00:00:00,NULL,11,48,2
444,440,1,2016-01-28 00:00:00,2016-01-28 00:00:00,NULL,11,96,2
445,441,1,2016-01-28 00:00:00,2016-01-28 00:00:00,NULL,11,96,2
446,442,1,2016-02-02 00:00:00,2016-02-16 00:00:00,NULL,7,48,2
447,443,1,2016-02-02 00:00:00,NULL,NULL,1,48,1
448,444,1,2016-01-06 00:00:00,2016-01-06 00:00:00,NULL,2,96,2
450,446,1,2016-01-19 00:00:00,2016-01-19 00:00:00,NULL,2,96,2
452,448,1,2016-02-18 00:00:00,2016-03-30 00:00:00,NULL,13,48,2
454,450,1,2016-03-07 00:00:00,2017-01-06 00:00:00,NULL,11,96,2
456,452,1,2016-03-15 00:00:00,2016-03-30 00:00:00,NULL,13,48,2
457,453,1,2016-03-18 00:00:00,2016-04-01 00:00:00,NULL,13,48,2
458,454,1,2016-03-18 00:00:00,2016-04-01 00:00:00,NULL,13,48,2
459,455,1,2016-03-30 00:00:00,2016-03-30 00:00:00,NULL,11,96,2
461,457,1,2016-02-19 00:00:00,2016-02-19 00:00:00,NULL,11,96,2
462,458,1,2016-03-01 00:00:00,2016-03-01 00:00:00,NULL,11,96,2
463,459,1,2016-03-24 00:00:00,2016-03-24 00:00:00,NULL,11,96,2
464,460,1,2016-01-06 00:00:00,2016-01-06 00:00:00,NULL,11,96,2
465,461,1,2016-04-12 00:00:00,2016-05-25 00:00:00,NULL,11,96,2
466,462,1,2016-04-15 00:00:00,2016-05-19 00:00:00,NULL,11,96,2
467,463,1,2016-04-22 00:00:00,2016-05-03 00:00:00,NULL,3,48,2
471,467,1,2016-04-28 00:00:00,2016-04-28 00:00:00,NULL,11,96,2
472,468,1,2016-04-28 00:00:00,2016-04-28 00:00:00,NULL,11,96,2
473,469,1,2016-04-27 00:00:00,2016-04-27 00:00:00,NULL,2,96,2
474,470,1,2016-04-27 00:00:00,2016-04-27 00:00:00,NULL,5,96,2
475,471,1,2016-05-10 00:00:00,2016-06-17 00:00:00,NULL,15,48,2
476,160,3,2016-04-15 00:00:00,2016-04-15 00:00:00,NULL,NULL,0,1
477,158,3,2016-04-15 00:00:00,2016-04-15 00:00:00,NULL,NULL,75,1
478,159,3,2016-04-15 00:00:00,2016-04-15 00:00:00,NULL,NULL,75,1
479,472,1,2016-04-15 00:00:00,2016-04-15 00:00:00,NULL,NULL,75,2
480,473,1,2017-01-26 00:00:00,2017-01-26 00:00:00,NULL,13,48,2
481,474,1,2016-05-18 00:00:00,2016-06-22 00:00:00,NULL,1,48,2
482,475,1,2016-05-19 00:00:00,2016-05-16 00:00:00,NULL,5,96,2
484,477,1,2016-05-19 00:00:00,2016-05-16 00:00:00,NULL,11,96,2
485,478,1,2016-05-27 00:00:00,2016-07-27 00:00:00,NULL,4,96,2
486,479,1,2016-05-30 00:00:00,2016-05-30 00:00:00,NULL,11,96,2
487,481,1,2016-05-25 00:00:00,2016-05-25 00:00:00,NULL,11,96,2
488,482,1,2016-06-06 00:00:00,2016-06-23 00:00:00,NULL,10,48,2
489,483,1,2016-06-08 00:00:00,2016-06-29 00:00:00,NULL,11,48,2
490,484,1,2016-05-05 00:00:00,2016-05-05 00:00:00,NULL,11,96,2
492,480,1,2016-06-14 00:00:00,2016-11-09 00:00:00,NULL,4,240,2
493,260,1,2016-01-01 00:00:00,2016-01-01 00:00:00,NULL,1,35,2
494,486,1,2016-06-06 00:00:00,2016-06-06 00:00:00,NULL,11,96,2
495,487,1,2016-06-13 00:00:00,2016-06-13 00:00:00,NULL,11,96,2
501,493,1,2016-05-30 00:00:00,2016-05-30 00:00:00,NULL,11,96,2
504,496,1,2016-06-29 00:00:00,2016-06-29 00:00:00,NULL,4,48,2
511,503,1,2016-07-26 00:00:00,2016-07-26 00:00:00,NULL,5,96,2
512,504,1,2016-08-05 00:00:00,2016-08-12 00:00:00,NULL,4,48,2
519,511,1,2016-08-25 00:00:00,2016-11-09 00:00:00,NULL,1,240,2
524,516,1,2016-08-31 00:00:00,2016-08-31 00:00:00,NULL,11,96,2
525,517,1,2016-08-31 00:00:00,2016-08-31 00:00:00,NULL,11,96,2
526,518,1,2016-08-18 00:00:00,2016-08-18 00:00:00,NULL,11,12,2
527,520,1,2016-09-01 00:00:00,2016-09-08 00:00:00,NULL,1,48,2
529,522,1,2016-09-06 00:00:00,NULL,NULL,1,48,1
530,523,1,2016-09-06 00:00:00,2016-09-15 00:00:00,NULL,1,48,2
532,525,1,2016-09-21 00:00:00,2016-09-21 00:00:00,NULL,5,96,2
535,528,1,2016-09-09 00:00:00,2016-09-09 00:00:00,NULL,11,96,2
536,529,1,2016-08-24 00:00:00,2016-08-24 00:00:00,NULL,11,96,2
540,533,1,2016-09-06 00:00:00,NULL,NULL,11,96,1
541,534,1,2016-10-11 00:00:00,NULL,NULL,1,48,1
542,535,1,2016-10-11 00:00:00,2016-12-05 00:00:00,NULL,1,48,2
545,538,1,2016-10-17 00:00:00,2016-10-17 00:00:00,NULL,4,48,2
546,539,1,2016-10-11 00:00:00,2016-10-11 00:00:00,NULL,1,48,2
547,540,1,2016-10-12 00:00:00,2016-10-12 00:00:00,NULL,4,48,2
548,541,1,2016-10-05 00:00:00,2016-10-05 00:00:00,NULL,5,96,2
549,542,1,2016-10-17 00:00:00,2016-10-17 00:00:00,NULL,11,96,2
553,546,1,2016-10-31 00:00:00,NULL,NULL,1,48,1
557,550,1,2016-09-16 00:00:00,2016-09-16 00:00:00,NULL,4,48,2
559,552,1,2016-10-22 00:00:00,2016-10-22 00:00:00,NULL,11,96,2
560,553,1,2016-11-08 00:00:00,NULL,NULL,1,48,1
563,556,1,2016-11-16 00:00:00,2017-02-13 00:00:00,NULL,1,48,2
564,557,1,2016-11-22 00:00:00,NULL,NULL,1,48,1
577,570,1,2016-11-11 00:00:00,2016-11-11 00:00:00,NULL,9,48,2
579,572,1,2016-10-08 00:00:00,2016-10-08 00:00:00,NULL,11,96,2
582,575,1,2016-12-15 00:00:00,2016-12-30 00:00:00,NULL,1,48,2
583,576,1,2016-12-15 00:00:00,2016-12-15 00:00:00,NULL,11,48,2
392,388,1,2015-09-28 00:00:00,2015-09-28 00:00:00,NULL,11,96,2
295,295,1,2015-03-31 00:00:00,2015-01-01 00:00:00,NULL,1,48,2
303,304,1,2015-01-01 00:00:00,2014-10-20 00:00:00,NULL,1,96,2
304,305,1,2015-04-14 00:00:00,2015-03-04 00:00:00,NULL,8,48,2
393,389,1,2015-09-28 00:00:00,2015-09-28 00:00:00,NULL,11,96,2
394,390,1,2015-09-28 00:00:00,2015-09-28 00:00:00,NULL,11,96,2
395,391,1,2015-09-28 00:00:00,2015-09-28 00:00:00,NULL,1,48,2
401,397,1,2015-10-01 00:00:00,2015-11-27 00:00:00,NULL,1,240,2
440,436,1,2016-01-22 00:00:00,2016-04-05 00:00:00,NULL,1,48,2
449,445,1,2016-01-09 00:00:00,2016-01-09 00:00:00,NULL,11,96,2
455,451,1,2016-03-08 00:00:00,2016-04-04 00:00:00,NULL,10,48,2
483,476,1,2016-05-03 00:00:00,2016-05-03 00:00:00,NULL,11,96,2
491,485,1,2016-03-09 00:00:00,2016-03-09 00:00:00,NULL,1,48,2
502,494,1,2016-06-29 00:00:00,2016-09-16 00:00:00,NULL,7,48,2
503,495,1,2016-06-29 00:00:00,2016-09-16 00:00:00,NULL,11,48,2
517,509,1,2016-08-25 00:00:00,NULL,NULL,14,48,1
518,510,1,2016-08-25 00:00:00,2016-11-09 00:00:00,NULL,1,240,2
521,513,1,2016-08-29 00:00:00,NULL,NULL,1,240,1
522,514,1,2016-08-30 00:00:00,2016-09-23 00:00:00,NULL,1,48,2
550,543,1,2016-07-06 00:00:00,2016-07-06 00:00:00,NULL,11,96,2
538,531,1,2016-09-07 00:00:00,2016-09-07 00:00:00,NULL,11,96,2
551,544,1,2016-08-04 00:00:00,2016-08-04 00:00:00,NULL,11,96,2
552,545,1,2016-10-26 00:00:00,2017-01-17 00:00:00,NULL,10,48,2
555,548,1,2016-08-24 00:00:00,2016-08-24 00:00:00,NULL,11,96,2
556,549,1,2016-10-31 00:00:00,2016-10-31 00:00:00,NULL,1,48,2
566,559,1,2016-11-17 00:00:00,2016-11-17 00:00:00,NULL,1,48,2
567,560,1,2016-11-03 00:00:00,2016-11-03 00:00:00,NULL,4,48,2
568,561,1,2016-11-15 00:00:00,2016-11-15 00:00:00,NULL,2,96,2
569,562,1,2016-11-09 00:00:00,2016-11-09 00:00:00,NULL,5,96,2
570,563,1,2016-11-09 00:00:00,2016-11-09 00:00:00,NULL,5,96,2
571,564,1,2016-11-23 00:00:00,2016-11-23 00:00:00,NULL,5,96,2
572,565,1,2016-11-25 00:00:00,2016-12-15 00:00:00,NULL,10,48,2
575,568,1,2016-12-01 00:00:00,2017-01-24 00:00:00,NULL,1,48,2
578,571,1,2016-12-06 00:00:00,NULL,NULL,1,48,1
580,573,1,2016-12-15 00:00:00,2017-01-19 00:00:00,NULL,1,96,2
581,574,1,2016-12-15 00:00:00,2017-01-19 00:00:00,NULL,1,96,2
584,577,1,2016-12-15 00:00:00,2017-01-03 00:00:00,NULL,1,48,2
585,578,1,2016-12-15 00:00:00,2017-01-06 00:00:00,NULL,1,48,2
586,579,1,2016-12-15 00:00:00,2016-12-15 00:00:00,NULL,11,48,2
587,580,1,2016-12-15 00:00:00,NULL,NULL,1,48,1
672,666,1,2017-07-13 00:00:00,2017-07-13 00:00:00,NULL,14,96,2
589,582,1,2016-12-27 00:00:00,NULL,NULL,1,48,1
592,585,1,2016-12-29 00:00:00,NULL,NULL,1,48,1
606,599,1,2017-01-20 00:00:00,2017-01-25 00:00:00,NULL,9,48,2
607,600,1,2017-01-20 00:00:00,2017-02-28 00:00:00,NULL,1,48,2
608,601,1,2017-01-27 00:00:00,NULL,NULL,11,48,1
609,602,1,2017-02-08 00:00:00,2017-04-20 00:00:00,NULL,1,48,2
610,603,1,2017-01-24 00:00:00,2017-01-24 00:00:00,NULL,15,48,2
611,604,1,2017-01-27 00:00:00,2017-01-27 00:00:00,NULL,7,48,2
612,605,1,2017-01-10 00:00:00,2017-01-10 00:00:00,NULL,11,96,1
613,606,1,2017-01-24 00:00:00,2017-01-24 00:00:00,NULL,15,96,2
614,607,1,2017-01-30 00:00:00,2017-01-30 00:00:00,NULL,11,96,1
623,616,1,2017-03-08 00:00:00,2017-03-20 00:00:00,NULL,9,48,2
624,617,1,2017-01-23 00:00:00,2017-01-23 00:00:00,NULL,1,48,2
625,618,1,2017-03-08 00:00:00,2017-03-08 00:00:00,NULL,13,48,2
626,619,1,2017-03-20 00:00:00,NULL,NULL,1,48,1
627,620,1,2017-03-20 00:00:00,2017-03-29 00:00:00,NULL,10,48,2
640,633,1,2017-04-18 00:00:00,2017-04-18 00:00:00,NULL,12,48,3
663,657,1,2017-06-22 00:00:00,2017-08-23 00:00:00,NULL,1,48,2
664,658,1,2017-07-05 00:00:00,2017-07-31 00:00:00,NULL,1,48,2
665,659,1,2017-07-05 00:00:00,NULL,NULL,1,48,1
647,641,1,2017-05-03 00:00:00,2017-05-03 00:00:00,NULL,15,240,2
669,663,1,2017-06-07 00:00:00,2017-06-07 00:00:00,NULL,5,96,2
670,664,1,2017-05-04 00:00:00,2017-05-04 00:00:00,NULL,5,48,2
673,667,1,2017-05-26 00:00:00,2017-05-26 00:00:00,NULL,1,48,2
674,668,1,2017-07-01 00:00:00,2017-07-01 00:00:00,NULL,14,96,2
676,670,1,2017-07-12 00:00:00,2017-07-12 00:00:00,NULL,1,48,2
680,671,1,2017-07-12 00:00:00,2017-07-12 00:00:00,NULL,1,48,2
681,674,1,2017-07-26 00:00:00,2017-07-26 00:00:00,NULL,3,48,2
682,675,1,2017-07-26 00:00:00,2017-07-26 00:00:00,NULL,9,48,2
683,676,1,2017-07-12 00:00:00,2017-07-12 00:00:00,NULL,4,48,2
684,677,1,2017-07-12 00:00:00,2017-07-12 00:00:00,NULL,4,48,2
685,678,1,2017-07-12 00:00:00,2017-07-12 00:00:00,NULL,4,48,2
686,679,1,2017-07-12 00:00:00,2017-07-12 00:00:00,NULL,4,48,2
687,680,1,2017-06-07 00:00:00,2017-06-07 00:00:00,NULL,5,48,2
688,681,1,2017-06-15 00:00:00,2017-06-15 00:00:00,NULL,5,96,2
689,682,1,2017-06-05 00:00:00,2017-06-05 00:00:00,NULL,14,96,2
690,683,1,2017-05-29 00:00:00,2017-05-29 00:00:00,NULL,15,96,2
691,685,1,2017-04-11 00:00:00,2017-04-11 00:00:00,NULL,4,48,2
695,689,1,2017-06-07 00:00:00,2017-06-07 00:00:00,NULL,11,96,2
696,690,1,2017-06-07 00:00:00,2017-06-07 00:00:00,NULL,11,96,2
697,691,1,2017-07-01 00:00:00,2017-07-01 00:00:00,NULL,4,96,2
698,692,1,2017-07-29 00:00:00,2017-07-29 00:00:00,NULL,4,96,2
699,693,1,2017-08-15 00:00:00,NULL,NULL,1,48,1
700,694,1,2017-08-15 00:00:00,NULL,NULL,1,48,1
701,695,1,2017-08-15 00:00:00,NULL,NULL,1,48,1
727,721,1,2017-04-05 00:00:00,2017-04-05 00:00:00,NULL,10,48,2
730,724,1,2017-09-01 00:00:00,2017-09-01 00:00:00,NULL,11,96,2
732,726,1,2017-10-12 00:00:00,NULL,NULL,1,48,1
733,727,1,2017-10-12 00:00:00,NULL,NULL,1,48,1
734,728,1,2017-10-12 00:00:00,NULL,NULL,1,240,1
735,729,1,2017-08-29 00:00:00,2017-08-29 00:00:00,NULL,14,96,1
736,730,1,2017-09-28 00:00:00,2017-09-28 00:00:00,NULL,14,96,1
737,731,1,2017-09-13 00:00:00,2017-09-13 00:00:00,NULL,4,96,1
738,732,1,2017-10-09 00:00:00,2017-10-09 00:00:00,NULL,1,96,1
740,734,1,2017-10-01 00:00:00,2017-10-01 00:00:00,NULL,15,96,1
247,247,1,2014-08-08 00:00:00,2014-08-08 00:00:00,NULL,NULL,48,2
248,248,1,2014-09-20 00:00:00,2014-09-20 00:00:00,NULL,NULL,48,2
249,249,1,2014-09-23 00:00:00,2014-09-23 00:00:00,NULL,NULL,48,2
250,250,1,2014-09-23 00:00:00,2014-09-23 00:00:00,NULL,NULL,48,2
251,251,1,2014-10-08 00:00:00,2014-10-08 00:00:00,NULL,NULL,48,2
252,252,1,2014-10-08 00:00:00,2014-10-08 00:00:00,NULL,NULL,48,2
253,253,1,2014-11-19 00:00:00,2014-11-19 00:00:00,NULL,NULL,48,2
254,254,1,2014-11-19 00:00:00,2014-11-19 00:00:00,NULL,NULL,48,2
255,255,1,2014-11-19 00:00:00,2014-11-19 00:00:00,NULL,NULL,48,2
256,256,1,2014-11-19 00:00:00,2014-11-19 00:00:00,NULL,NULL,48,2
257,257,1,2014-11-19 00:00:00,2014-11-19 00:00:00,NULL,NULL,48,2
258,258,1,2015-03-30 00:00:00,2015-01-30 00:00:00,NULL,10,48,2
365,363,1,2015-08-26 00:00:00,NULL,NULL,10,48,1
558,551,1,2016-11-04 00:00:00,NULL,NULL,3,48,1
565,558,1,2016-11-09 00:00:00,2016-11-09 00:00:00,NULL,1,240,2
631,624,1,2017-03-29 00:00:00,2017-03-29 00:00:00,NULL,2,48,2
632,625,1,2017-02-09 00:00:00,2017-02-09 00:00:00,NULL,11,96,2
633,626,1,2017-02-09 00:00:00,2017-02-09 00:00:00,NULL,15,96,2
636,629,1,2017-04-07 00:00:00,NULL,NULL,5,48,1
637,630,1,2017-04-07 00:00:00,NULL,NULL,5,48,1
739,733,1,2017-09-11 00:00:00,2017-09-11 00:00:00,NULL,4,96,1
643,637,1,2017-05-10 00:00:00,2017-04-26 00:00:00,NULL,5,96,2
500,492,1,2016-06-23 00:00:00,2017-01-04 00:00:00,NULL,11,96,2
302,303,1,2015-02-10 00:00:00,2015-02-10 00:00:00,NULL,4,240,2
313,314,1,2015-04-29 00:00:00,2015-04-27 00:00:00,NULL,11,96,2
314,315,1,2015-04-29 00:00:00,2015-04-28 00:00:00,NULL,11,96,2
351,288,1,2015-03-30 00:00:00,2015-03-30 00:00:00,NULL,1,240,2
425,421,1,2015-12-10 00:00:00,2015-11-01 00:00:00,NULL,3,12,2
453,449,1,2016-02-22 00:00:00,NULL,NULL,1,48,1
469,465,1,2016-04-25 00:00:00,2016-04-25 00:00:00,NULL,11,96,2
470,466,1,2016-04-25 00:00:00,2016-04-25 00:00:00,NULL,5,48,2
528,521,1,2016-09-05 00:00:00,2016-09-05 00:00:00,NULL,4,96,2
561,554,1,2016-11-10 00:00:00,2017-04-05 00:00:00,NULL,1,48,2
562,555,1,2016-11-10 00:00:00,2016-12-05 00:00:00,NULL,1,48,2
576,569,1,2016-11-30 00:00:00,2016-11-30 00:00:00,NULL,4,48,2
597,593,1,2016-12-03 00:00:00,2016-12-03 00:00:00,NULL,5,96,2
598,590,1,2016-12-06 00:00:00,2016-12-06 00:00:00,NULL,2,96,2
599,591,1,2016-12-16 00:00:00,2016-12-16 00:00:00,NULL,11,96,2
600,592,1,2016-12-27 00:00:00,2016-12-27 00:00:00,NULL,5,96,2
620,613,1,2017-03-03 00:00:00,2017-03-20 00:00:00,NULL,9,48,2
628,621,3,2017-03-21 00:00:00,2017-04-01 00:00:00,NULL,11,87,2
629,622,3,2017-03-22 00:00:00,2017-04-01 00:00:00,NULL,11,88,2
630,623,3,2017-03-22 00:00:00,2017-04-01 00:00:00,NULL,11,91,2
635,628,1,2017-04-05 00:00:00,NULL,NULL,1,48,1
648,642,1,2017-06-07 00:00:00,2017-06-07 00:00:00,NULL,4,96,2
650,644,1,2017-05-09 00:00:00,2017-05-09 00:00:00,NULL,5,96,2
651,645,1,2017-05-09 00:00:00,2017-05-09 00:00:00,NULL,5,96,2
652,646,1,2017-05-16 00:00:00,2017-05-16 00:00:00,NULL,11,96,2
653,647,1,2017-05-16 00:00:00,2017-05-16 00:00:00,NULL,11,96,2
654,648,1,2017-05-18 00:00:00,2017-05-18 00:00:00,NULL,5,96,2
655,649,1,2017-05-20 00:00:00,2017-05-20 00:00:00,NULL,15,96,2
656,650,1,2017-05-20 00:00:00,2017-05-20 00:00:00,NULL,15,96,2
657,651,1,2017-05-22 00:00:00,2017-05-22 00:00:00,NULL,5,96,2
658,652,1,2017-05-22 00:00:00,2017-05-22 00:00:00,NULL,5,96,2
659,653,1,2017-05-22 00:00:00,2017-05-22 00:00:00,NULL,5,96,2
660,654,1,2017-05-29 00:00:00,2017-05-29 00:00:00,NULL,15,96,2
661,655,1,2017-04-19 00:00:00,2017-04-19 00:00:00,NULL,14,96,2
662,656,1,2017-04-26 00:00:00,2017-04-26 00:00:00,NULL,11,96,2
310,311,1,2015-04-23 00:00:00,2015-04-13 00:00:00,NULL,11,96,2
311,312,1,2015-04-23 00:00:00,2015-04-13 00:00:00,NULL,11,96,2
371,103,2,2015-08-28 00:00:00,2015-09-01 00:00:00,NULL,NULL,0,2
372,369,1,2015-08-28 00:00:00,2015-08-28 00:00:00,NULL,NULL,96,2
373,370,1,2015-08-28 00:00:00,2015-08-28 00:00:00,NULL,NULL,96,2
434,430,1,2016-01-06 00:00:00,2016-02-22 00:00:00,NULL,10,48,2
383,379,1,2015-09-11 00:00:00,2015-09-28 00:00:00,NULL,1,48,2
384,380,1,2015-09-11 00:00:00,2015-09-28 00:00:00,NULL,11,48,2
396,392,1,2015-09-29 00:00:00,2016-07-29 00:00:00,NULL,1,48,2
435,431,1,2016-01-06 00:00:00,2016-03-30 00:00:00,NULL,10,48,2
442,438,1,2015-12-31 00:00:00,2015-12-31 00:00:00,NULL,4,96,1
533,526,1,2016-09-27 00:00:00,NULL,NULL,1,240,1
605,598,1,2017-01-16 00:00:00,NULL,NULL,1,48,1
361,359,1,2015-08-10 00:00:00,2015-08-10 00:00:00,NULL,4,48,2
362,360,1,2015-07-30 00:00:00,2015-07-30 00:00:00,NULL,1,48,2
390,386,1,2015-09-22 00:00:00,2015-10-08 00:00:00,NULL,10,48,2
415,411,1,2015-11-06 00:00:00,NULL,NULL,1,48,1
429,425,1,2015-12-28 00:00:00,2015-12-21 00:00:00,NULL,1,240,2
438,434,1,2016-01-20 00:00:00,2016-01-25 00:00:00,NULL,5,48,2
468,464,1,2016-04-22 00:00:00,2016-07-20 00:00:00,NULL,11,96,2
460,456,1,2016-03-30 00:00:00,2016-03-30 00:00:00,NULL,4,48,2
534,527,1,2016-09-27 00:00:00,2017-07-13 00:00:00,NULL,11,96,2
601,594,1,2016-10-25 00:00:00,2016-10-25 00:00:00,NULL,11,96,2
602,595,1,2016-10-13 00:00:00,2016-10-13 00:00:00,NULL,11,12,2
603,596,1,2017-01-09 00:00:00,2017-01-16 00:00:00,NULL,7,48,2
619,612,1,2017-03-02 00:00:00,NULL,NULL,11,96,1
692,686,1,2017-04-26 00:00:00,2017-04-26 00:00:00,NULL,5,96,2
693,687,1,2017-04-26 00:00:00,2017-04-26 00:00:00,NULL,5,96,2
694,688,1,2017-04-26 00:00:00,2017-04-26 00:00:00,NULL,5,96,2
726,720,1,2017-08-31 00:00:00,2017-08-31 00:00:00,NULL,1,48,2
363,361,1,2015-08-24 00:00:00,2015-09-28 00:00:00,NULL,10,48,2
388,384,1,2015-09-21 00:00:00,2015-10-30 00:00:00,NULL,1,48,2
397,393,1,2015-09-29 00:00:00,2015-09-29 00:00:00,NULL,10,48,2
416,412,1,2015-11-06 00:00:00,2015-11-16 00:00:00,NULL,10,48,2
436,432,1,2016-01-07 00:00:00,NULL,NULL,1,48,1
513,505,1,2016-07-18 00:00:00,2016-07-18 00:00:00,NULL,11,96,2
514,506,1,2016-07-18 00:00:00,2016-07-18 00:00:00,NULL,11,96,2
515,507,1,2016-07-19 00:00:00,2016-07-19 00:00:00,NULL,11,96,2
516,508,1,2016-07-25 00:00:00,2016-07-25 00:00:00,NULL,11,96,2
531,524,1,2016-09-13 00:00:00,2016-10-10 00:00:00,NULL,1,48,2
539,532,1,2016-10-04 00:00:00,2016-12-14 00:00:00,NULL,1,240,2
593,586,1,2016-12-14 00:00:00,2016-12-15 00:00:00,NULL,3,48,2
594,587,1,2016-12-29 00:00:00,2016-12-29 00:00:00,NULL,4,96,2
595,588,1,2016-12-01 00:00:00,2016-12-01 00:00:00,NULL,4,48,2
596,589,1,2016-12-05 00:00:00,2016-12-05 00:00:00,NULL,11,48,2
604,597,1,2016-11-07 00:00:00,2016-11-07 00:00:00,NULL,11,96,2
616,609,1,2017-02-27 00:00:00,2017-05-26 00:00:00,NULL,1,48,2
617,610,1,2017-01-01 00:00:00,2017-01-04 00:00:00,NULL,11,96,2
618,611,1,2017-01-01 00:00:00,2017-01-04 00:00:00,NULL,11,96,2
666,660,1,2017-05-05 00:00:00,2017-05-05 00:00:00,NULL,10,48,2
667,661,1,2017-05-17 00:00:00,2017-05-17 00:00:00,NULL,13,48,2
714,708,1,2017-08-15 00:00:00,2017-08-15 00:00:00,NULL,11,48,2
715,709,1,2017-08-09 00:00:00,2017-08-09 00:00:00,NULL,9,48,2
716,710,1,2017-08-02 00:00:00,2017-08-02 00:00:00,NULL,9,48,2
717,711,1,2017-08-02 00:00:00,2017-08-02 00:00:00,NULL,12,48,2
718,712,1,2017-08-23 00:00:00,2017-08-23 00:00:00,NULL,4,96,2
731,725,1,2017-10-06 00:00:00,NULL,NULL,10,48,1
380,376,1,2015-09-10 00:00:00,NULL,NULL,1,48,1
381,377,1,2015-09-10 00:00:00,2015-11-02 00:00:00,NULL,10,48,2
382,378,1,2015-09-10 00:00:00,2015-10-30 00:00:00,NULL,8,48,2
386,382,1,2015-09-16 00:00:00,2016-11-02 00:00:00,NULL,11,240,2
451,447,1,2016-02-04 00:00:00,2016-02-23 00:00:00,NULL,9,48,2
510,502,1,2016-07-20 00:00:00,2016-07-20 00:00:00,NULL,5,96,2
523,515,1,2016-08-30 00:00:00,NULL,NULL,11,48,1
543,536,1,2016-10-14 00:00:00,2016-12-05 00:00:00,NULL,1,48,2
544,537,1,2016-10-14 00:00:00,2017-01-31 00:00:00,NULL,1,96,2
554,547,1,2016-11-02 00:00:00,NULL,NULL,1,48,1
573,566,1,2016-11-28 00:00:00,2016-11-28 00:00:00,NULL,5,96,2
574,567,1,2016-11-23 00:00:00,2016-11-23 00:00:00,NULL,1,240,2
590,583,1,2016-12-28 00:00:00,NULL,NULL,1,48,1
591,584,1,2016-12-28 00:00:00,2017-01-23 00:00:00,NULL,5,48,2
621,614,1,2017-02-13 00:00:00,2017-02-13 00:00:00,NULL,11,48,2
622,615,1,2017-02-07 00:00:00,2017-02-07 00:00:00,NULL,14,48,2
668,662,1,2017-05-12 00:00:00,2017-05-12 00:00:00,NULL,5,48,2
702,696,1,2017-02-08 00:00:00,2017-02-08 00:00:00,NULL,14,96,2
703,697,1,2017-05-31 00:00:00,2017-05-31 00:00:00,NULL,4,96,2
704,698,1,2017-04-19 00:00:00,2017-04-19 00:00:00,NULL,4,96,2
705,699,1,2017-04-26 00:00:00,2017-04-26 00:00:00,NULL,14,96,2
706,700,1,2017-04-26 00:00:00,2017-04-26 00:00:00,NULL,4,96,2
707,701,1,2017-05-08 00:00:00,2017-05-08 00:00:00,NULL,14,96,2
708,702,1,2017-05-31 00:00:00,2017-05-31 00:00:00,NULL,4,96,2
709,703,1,2017-06-08 00:00:00,2017-06-08 00:00:00,NULL,11,96,2
710,704,1,2017-07-26 00:00:00,2017-07-26 00:00:00,NULL,14,96,2
711,705,1,2017-07-26 00:00:00,2017-07-26 00:00:00,NULL,14,96,2
712,706,1,2017-04-25 00:00:00,2017-04-25 00:00:00,NULL,12,48,2
713,707,1,2017-07-17 00:00:00,2017-07-17 00:00:00,NULL,2,48,2
728,722,1,2017-09-25 00:00:00,2017-09-25 00:00:00,NULL,7,48,2
729,723,1,2017-09-26 00:00:00,2017-09-26 00:00:00,NULL,7,48,2
505,497,1,2016-06-13 00:00:00,2016-06-13 00:00:00,NULL,11,96,2
506,498,1,2016-06-15 00:00:00,2016-06-15 00:00:00,NULL,11,96,2
507,499,1,2016-06-20 00:00:00,2016-06-20 00:00:00,NULL,11,96,2
508,500,1,2016-06-27 00:00:00,2016-06-27 00:00:00,NULL,11,96,2
509,501,1,2016-06-28 00:00:00,2016-06-28 00:00:00,NULL,11,96,2
641,636,1,2017-05-08 00:00:00,2017-04-11 00:00:00,NULL,11,96,2
675,669,1,2017-01-04 00:00:00,2017-01-04 00:00:00,NULL,14,96,2
634,627,1,2017-03-30 00:00:00,NULL,NULL,13,48,1
720,714,1,2017-08-08 00:00:00,2017-08-08 00:00:00,NULL,14,96,2
721,715,1,2017-08-09 00:00:00,2017-08-09 00:00:00,NULL,4,96,2
722,716,1,2017-08-10 00:00:00,2017-08-10 00:00:00,NULL,15,96,2
723,717,1,2017-08-23 00:00:00,2017-08-23 00:00:00,NULL,14,96,2
724,718,1,2017-08-28 00:00:00,2017-08-28 00:00:00,NULL,15,96,2
725,719,1,2017-08-30 00:00:00,2017-08-30 00:00:00,NULL,15,96,2
